,X,Y,Z,W
2013-01-01,-0.7522480698421891,-1.5688373584234472,-1.7432716696173036,-0.7862260865655861
2013-01-02,1.6028080399231606,0.05782964016493785,0.9587332648465868,2.0335785083007223
2013-01-03,-0.8094023331906951,-1.370891878205153,-0.22327736678287566,-1.4330820945713856
2013-01-04,0.4883261636742471,-2.0581583824861935,1.7074074233694252,-0.05965262717992539
2013-01-05,1.0240904671921196,-0.3329861894916693,0.4321723288467764,-0.4745397195038691
2013-01-06,-0.14076263117100712,0.22566052734547298,-1.1103968825337922,-0.9790545562334675
2013-01-07,0.2915596128942436,0.3515799280433899,2.0717807018532413,0.08919237258355313
2013-01-08,2.4878914683528692,0.14161765613792243,-0.7322998977482887,-0.5063062671436191
2013-01-09,0.4852390899195373,-2.2748385880282718,0.6157642271080552,-2.078206000377468
2013-01-10,-0.8062688798659733,0.38189492351706245,-0.6706663766863302,0.9550597433767023
2013-01-11,-0.37671781142726735,0.05444270097675681,-0.7655501555978229,-0.06397728816246946
2013-01-12,-2.300810053372958,-0.23146068607952056,1.1334233051672844,-0.2453395528783086
2013-01-13,-1.0558811935985883,0.9655001119911747,-0.7936180765014974,-1.2977035425706338
2013-01-14,0.02234213981658513,-1.6964951018752186,2.4702063949073607,-0.7463115060092488
2013-01-15,0.5807090604936743,-0.36118952410945165,1.7281333790662652,0.5668995959978127
2013-01-16,-0.1881214416340765,0.4047439909037408,-0.5054135521430762,-1.3102635354481402
2013-01-17,-1.1677904286544578,-1.1717295963550687,-0.9632340371392533,0.30842095079596576
2013-01-18,1.1482029531682552,-1.352774072289187,0.07296762290926412,0.46096561681280845
2013-01-19,-0.9842718373165873,-0.5210455496332749,-0.8863070820995752,0.3623131979788603
2013-01-20,-0.02430102894395383,-0.5061116678053035,1.3743192243876041,0.3242682078661128
2013-01-21,-0.10658449004684227,0.8884495709760626,0.44063582952548447,0.46742171497387536
2013-01-22,-1.0117125195354348,1.7885125196158755,-0.3270216450955603,-0.8153104607365673
2013-01-23,0.995277791296971,-0.32260186441958777,0.7905636624526365,0.24786673866561362
2013-01-24,1.1958264029590322,-1.4961738031801763,-0.6772453720922621,2.032873481664577
2013-01-25,-0.24344328289063075,-1.0946965728348006,-0.6058225427866143,0.3126504498321206
2013-01-26,0.6858801434568224,1.1216475627777402,0.5970476431372925,1.930424645152293
2013-01-27,1.2483253603066937,-0.9999122377879427,0.7207125734164957,0.3598054979044159
2013-01-28,-0.9079707667128364,-1.9612158324022577,-0.9868442426698806,-0.6886098686567264
2013-01-29,1.118078577340679,-0.05780182447366694,1.0263572758703914,-0.7666547164250241
2013-01-30,-0.2791609782780672,2.57781726975124,2.01699217228406,-1.2268968805339955
2013-01-31,-2.0626948211281944,-0.9463034502981905,-0.7165286989936855,2.872240750053861
2013-02-01,0.5478738297855406,-0.43921248986583733,-1.374752190525897,-1.2738195369507324
2013-02-02,0.4278454829433823,-0.03250059440580847,-0.8265552119503657,1.2264226657349646
2013-02-03,0.3802000840921013,-0.017413577606451652,-0.027613739295833602,-0.3849023068361972
2013-02-04,-0.8125018083038135,-1.342447701663211,0.8402283383940128,0.730247358093536
2013-02-05,0.778558836375221,-1.6927121903400852,0.1349148119779212,0.08371758409171731
2013-02-06,-0.9404288845134441,-0.15691027495352958,1.0914872359946028,-0.7576520262211586
2013-02-07,-1.141875506124405,1.767437645988672,-0.05466159307439379,-1.1760507618753493
2013-02-08,0.5562377710836421,0.16838602217253798,-0.897552942253422,0.49500603382568764
2013-02-09,0.6826842543800985,-0.2892612168414436,-1.2261475054228121,0.004955787760977481
2013-02-10,2.32088783020518,-2.2629740395208042,-1.299975859694722,-0.3470540431872601
2013-02-11,-0.04766102209477028,-0.0548605252497979,-1.688510133184381,0.24029659364344033
2013-02-12,-0.13071596921124895,0.4496851809557642,0.5237621348184684,1.4286657603387027
2013-02-13,1.9764434066515404,-0.8265731086185615,0.4920939364140745,-1.157844943387509
2013-02-14,0.4842608475208997,0.38367186900962896,0.8208280094770847,-1.217191679829128
2013-02-15,-0.35701507738282773,-1.1404784142443198,0.008895116132054157,0.7150311172982536
2013-02-16,0.7191456300777851,0.5299017363270659,0.4420169877336569,-0.4305303827808405
2013-02-17,0.1328934552675869,1.0316738150386089,-1.0910658443758046,1.3379576143573926
2013-02-18,0.9272665119067159,-0.10337295425225013,0.1076362705504883,1.3890304227075383
2013-02-19,-0.42287588740387216,1.5373597944176733,0.2241108570068442,-0.09459957476564365
2013-02-20,-0.1398774911417627,1.586374226297253,-2.9634615855931274,0.5562159545713454
2013-02-21,-0.3152695685843615,-0.8266063888073515,0.7783560793979585,0.8277697008435596
2013-02-22,0.6444097614658723,0.1840091653406941,-0.16717611980478492,-0.9112494559421684
2013-02-23,-0.16295290311814345,0.5857708735456473,0.0202968766425495,0.6884827422929779
2013-02-24,2.1384887253069373,0.1282070890727351,0.06032609414817093,0.231277490412494
2013-02-25,-0.47366511690596264,1.008598009143117,0.7675632043387343,-0.6894404727478223
2013-02-26,0.9795862275567838,0.4839467604543699,-0.6509512507881283,-0.22680151324849224
2013-02-27,0.06589729912808893,1.5015973650155214,0.3214698340538216,0.06288492710930903
2013-02-28,1.0282887963543939,-1.0533017485877607,0.7281689648731471,-0.9262228128856806
2013-03-01,1.212285250922813,-0.8179905909565828,-1.0119298795351734,-0.4477634708554676
2013-03-02,-0.37791599057736575,-0.7295640433236866,0.16541162904944173,0.01740287269416499
2013-03-03,1.1442595427753732,-0.18323846921305884,-0.7926465179930894,-0.42251535769850757
2013-03-04,0.004617293958412038,0.4622068049781382,-0.5024271594419633,0.01256403248985248
2013-03-05,0.3715052932640321,-0.03434227463224563,0.43065912707498955,-0.1781860200306622
2013-03-06,0.9830608496268407,-0.11270349694249271,0.5869552512419558,0.339904917011077
2013-03-07,-1.2641096876473001,2.184711059631126,0.3039916163236905,0.14846451135407182
2013-03-08,-1.7213704858994836,-0.6408319514565725,-0.40480127820279654,1.26010808057904
2013-03-09,1.628902963498551,-0.4982222711599977,-2.5860199639579498,0.32549413302295105
2013-03-10,-0.33559037073154285,-0.7000482939499132,1.0126212796404923,0.6031590571234215
2013-03-11,-0.37984386936616144,-1.4025239097797217,-0.42860859669446866,0.4520885978373739
2013-03-12,2.553103548572283,0.9728733494809877,1.6847028415274952,-0.05785297560059421
2013-03-13,-0.10097556459300515,0.13798833918725886,-1.8305466260396923,0.9342008775262508
2013-03-14,2.336833577943783,-0.6351565294219086,-0.14588962556759202,-1.070743176368183
2013-03-15,-0.726535282259743,0.9227075093498202,0.14398128977744695,1.1401579575973666
2013-03-16,-0.6783158618362511,1.1189070823820157,-2.276237043920693,0.13750990255930104
2013-03-17,-0.11137152755471642,-0.3903394416031087,0.5299638616243273,-0.22883443445570328
2013-03-18,1.6996860596624175,0.20275003388718066,-1.6539881642660794,-1.095801482440053
2013-03-19,1.536860497269083,-2.3479155357504484,-0.17484800970189515,-0.9405527524181355
2013-03-20,0.1518779039108265,-1.5826932448101751,-1.5421783146925092,1.962170285861054
2013-03-21,0.1309380891791969,-0.0010274197247159677,0.12595751242340097,1.6485937307298983
2013-03-22,0.6951141885777357,-0.33511780576887756,-0.4879578046622693,-0.863894804705119
2013-03-23,-2.568922358996329,0.7521153045007675,-1.2257735737692979,-0.7481531964790873
2013-03-24,-1.7597862935818869,-0.2970826217666787,0.1739717683801239,-2.247984840133665
2013-03-25,0.8853079925981621,1.0998142706443943,0.29554915367211376,-0.11511706833521668
2013-03-26,-0.35288436741688123,-0.506440700069512,0.019879335735108916,-0.5460426278031041
2013-03-27,1.7616860910112786,-0.2968027027792811,0.6850351072147748,0.7651828578873638
2013-03-28,0.6931782202411845,1.2744139137044848,-0.5705972980053234,-0.6954509363350718
2013-03-29,-0.3238510317898821,0.7764198620554701,-1.7012595460772237,-0.749656230485288
2013-03-30,-1.2883017874068927,-0.9580734469895864,0.27792643682032314,0.4888399559710872
2013-03-31,2.3775810523415237,-1.0409403782563718,2.0309281061782425,-0.10116676294749544
2013-04-01,-1.549259956770443,-1.1053388026578566,0.7827182854067852,-2.8185455220899978
2013-04-02,-0.5269458562874934,0.7154002021477847,-1.458476218010594,-0.3354318848476382
2013-04-03,1.6043088123916849,0.22787063856317322,-0.5081435981263347,-0.6864610548169833
2013-04-04,1.717303907939701,-0.9693503552712248,1.3186828137866486,-0.6006647110556969
2013-04-05,0.37702864780274403,-1.0735224297914776,-0.40086122168928895,-0.22064678064345797
2013-04-06,0.5447888530803361,0.5451034931253206,0.29484983468674925,0.2503208560732391
2013-04-07,-1.0934583510136748,-0.5249376358816454,0.5118821036663228,0.2189854851192399
2013-04-08,2.001614204329214,0.7398820909411098,0.9331928066368106,-0.3408346373994867
2013-04-09,-1.5950704775448885,-0.03809320857629111,2.59544392700996,-1.258924073902899
2013-04-10,1.0090588613738007,-0.38521482366255255,1.0989667074711578,0.7837335762828195
2013-04-11,0.33681679693806243,0.3898164734455515,-1.4891886542576234,-0.04726080967899242
2013-04-12,1.0416153612447911,0.616156127374048,0.41507038603501917,-0.6380542098930182
2013-04-13,1.7268491813753828,0.4194009509650705,-0.05540314892286752,1.499005056636657
2013-04-14,0.8490198743298081,0.18178314616904567,-0.3315336543004779,0.31738696912397374
2013-04-15,-1.3009428035371626,1.6287223834271163,0.3444639636770001,-0.5240143989746923
2013-04-16,-1.2361405868788216,-0.7282601619148,-0.3614133716555707,0.7413330899776742
2013-04-17,0.3252297557423984,-0.6094851809576243,-1.6409968619366213,0.18748752516606101
2013-04-18,2.5722027806368,-0.9118031479921477,-0.37136841053599323,0.1258222360492739
2013-04-19,-0.0037116623988488404,-0.37848907830172374,0.5333479087710118,-2.523144619851303
2013-04-20,1.544763017594925,-0.3388848430545765,1.9721847337098075,-0.16118894505627565
2013-04-21,-0.48559829163472296,0.5667632924193595,0.5708126725232946,-0.5867191524230256
2013-04-22,0.10078436506686522,-0.02546670924287287,0.02383435174211053,0.5864958077161808
2013-04-23,-0.8242771852434954,1.1965103261913905,-1.400291111662555,-0.5754795722186575
2013-04-24,-1.1435525759650966,-0.6092425272035435,-0.07808611525208842,-1.1214969558110728
2013-04-25,0.7836631301385868,0.304723480180738,0.12632957949271661,-0.9622457218394586
2013-04-26,-0.874145579802092,-0.7988731745364663,0.1539443111098038,-0.4158408592863775
2013-04-27,-0.21908536639667173,0.9653341052820343,0.24551668104646338,0.9546924243562771
2013-04-28,-0.49762886988445004,-0.3619622657513333,0.09329769056094553,-0.4583114338083673
2013-04-29,0.25784430190684354,-0.46960147076526676,-0.006836209870383454,0.20207799310123936
2013-04-30,-0.6977254565415559,0.40100824090998,-1.3264091002249339,0.7572670006349552
2013-05-01,1.7699829628779176,-1.1345680762102683,-1.6323541391261474,-0.22937181264358097
2013-05-02,0.130611716896129,1.064229354526584,1.3451992592742825,-0.6700415356532983
2013-05-03,1.4366082189573042,-0.04129627078075592,-0.8120230744118925,1.5077040179065884
2013-05-04,-0.6783086145877126,0.3843726714552796,-0.5642763509091236,0.2851491423312402
2013-05-05,0.46055149581409993,-1.0461395914002318,0.6003329086441866,0.5263148046981269
2013-05-06,0.320310428178494,0.8908475857710481,0.5248310119113044,-1.643032782906804
2013-05-07,-0.0742417612582568,0.4856461115659132,0.957880167172674,-0.1819141996777018
2013-05-08,-0.8370978390198276,1.3654265208703111,1.267686738251762,1.884173388553106
2013-05-09,-0.4835541535291167,-2.045310535537557,-0.4894170785548121,0.019204946649403577
2013-05-10,0.536789478515091,0.8029380438593141,0.4727928466721439,0.11625415977539016
2013-05-11,0.6591072577124663,0.009464298460297614,0.5920470418408983,-2.2057343319487406
2013-05-12,1.6084625664640586,-1.2921831679976936,0.8600465394925702,-1.1533293062737344
2013-05-13,1.6626093793449646,-0.04995960252527421,0.6071213368492017,1.2788793187835779
2013-05-14,-0.37135034738866995,0.4936758305487029,-0.11709525564718935,0.41238432592273255
2013-05-15,-0.9868908495944502,0.26704487417450734,-0.1360667643679059,-0.5910277895929377
2013-05-16,-0.7868793832392207,0.5383355444197017,-0.027357917152863356,-0.40052418792631356
2013-05-17,0.7021263081975947,0.5134055608722465,0.434532485726526,-0.549720297506576
2013-05-18,0.2085635944647611,-0.530536255178904,-1.9010902144236288,-0.2193426354975057
2013-05-19,-2.045216548540748,-0.011290389879468708,-0.24550185822853354,-0.7098447550893553
2013-05-20,-0.5577219494496706,-1.565780093079607,1.116228926622365,0.21084177007846028
2013-05-21,-0.8910202449973842,-0.38908302928407423,-0.05940664534123776,-0.6866564377260451
2013-05-22,-0.048106392566744594,-0.6530117362667992,-0.07031923614217712,1.1226787821392954
2013-05-23,0.42187270426813783,1.3504397605896719,0.6282371363879101,1.0148515160422162
2013-05-24,0.8374224907297002,-1.1341186853220828,-0.1738193990826713,-1.2558848177046138
2013-05-25,0.5420488214999245,0.6082604598291199,0.6024464588565124,-1.5199257326653746
2013-05-26,-0.0890911389792248,0.7948464280673531,0.062258542607906205,-0.3924698490206082
2013-05-27,-0.8080163242810641,0.7811421901915525,-0.04550874820884329,0.6322285718597143
2013-05-28,0.2520249510868512,-0.4356050754530018,2.043089805050641,-0.6426225643942994
2013-05-29,0.5293574064200256,1.641914578351398,-1.153689074500325,-0.1100967948728593
2013-05-30,0.7802034274459624,0.3336783619601114,-0.5648346483100234,0.038033936658498864
2013-05-31,-2.1329623322519757,-0.8589693825342561,-1.6528910464280764,0.04431173207241217
2013-06-01,0.6033160255567451,-1.2087374576274843,-0.06892144654433546,-1.21148378782977
2013-06-02,1.3007757554644754,-0.1194019125138203,0.6052407877393905,0.14209340152212305
2013-06-03,0.4782554843872578,-0.8879780899514774,-1.935165433981507,1.377245759334643
2013-06-04,-1.0378557200749428,-0.5403114447105437,0.26597955151078717,1.2637165914774684
2013-06-05,-0.6686198996956447,0.35232552083396806,0.18667017138429293,-0.29634835688405897
2013-06-06,-0.11339960513451544,-0.24837920336804442,-0.022253823005185042,1.5101514368245688
2013-06-07,0.7412016041643936,1.0118397293723707,1.3823252235371664,-0.17459561662421907
2013-06-08,-0.5742339402817006,1.7891106837140147,0.23883608087425107,2.6123945008411753
2013-06-09,1.02120923267697,0.16549449410102707,0.44462585063118704,-0.38612001181360106
2013-06-10,1.453305510090978,-1.1608085557425136,0.09032964916634018,-2.2570731348991884
2013-06-11,0.9415049045703905,0.28531090830656425,0.459469254708036,1.299208404451851
2013-06-12,-1.7732067249130181,0.9357977332653603,1.6163143066788181,-1.6990773763463283
2013-06-13,2.0420489255232592,-0.5236207220936503,1.9257330792234113,-0.6535798774469458
2013-06-14,-2.0487113806554182,-1.3496429981954379,0.297867974435276,1.9320314309165854
2013-06-15,-1.489006516981587,-1.4231124061903402,0.7222665108333571,-0.5277247466735304
2013-06-16,0.2385904945949267,0.723601039782998,-1.6670596735674112,1.6412185289761776
2013-06-17,-1.023289931176454,-0.03826097312361324,-0.2299449038285631,-1.1348669238821942
2013-06-18,-0.9582560625125314,0.9495181785450773,-0.27767918859223945,-0.3095581586721918
2013-06-19,-0.5115638415387767,-0.16677256300073912,0.35753344888311045,-0.9066429974111804
2013-06-20,1.2092869040546135,0.37568384931555876,0.37913955050642306,0.3004203995657503
2013-06-21,-1.0340658960629234,-2.2197431329261743,0.39467436405280554,-0.8072206706898715
2013-06-22,-0.2779024103269645,-1.4339563651341236,-1.5606818971983145,-0.10694627996076614
2013-06-23,-0.008279162359064366,-1.9503084107758188,-1.5811136182943963,0.05472661442218387
2013-06-24,2.087821833087118,0.670939781310258,1.552398352106681,-0.2293691398750147
2013-06-25,0.4002972645045911,-0.7003285421116908,3.1877129498667722,-0.0760933101745312
2013-06-26,0.24648383889053677,1.537144931940195,-0.36132939284854065,-1.632227903099685
2013-06-27,0.2552101031542697,0.26192780933065524,0.5520728615933752,0.34378777211046213
2013-06-28,0.6940435568772936,-0.17478078639574254,-1.1374483243755906,1.0775061201593306
2013-06-29,-0.9188855477523518,0.12146373024347393,1.0405715135796982,1.0118264107938002
2013-06-30,0.2853081039936546,2.4283719994711834,-0.20760251170744395,0.8914739772607136
2013-07-01,0.1709158689398147,0.8647952387320467,0.24808083991319652,-0.9065503396068927
2013-07-02,0.4024541372239597,-1.16094329120887,-1.5210603073934734,-0.35382808275145583
2013-07-03,-1.0581264806287212,-1.87565441580897,1.014836617230014,-0.1752687281275495
2013-07-04,0.496093739095561,-0.8505219963900018,0.3125818006820888,0.7827603319805868
2013-07-05,-0.4648769364381254,-0.615274092666326,-0.5259800677378772,0.1957169028569602
2013-07-06,1.0983827378411979,-2.206484027795137,-0.2027508612834414,-0.8266122110322511
2013-07-07,-1.2186842841097583,0.5097528913622421,0.9112532496820757,-0.4841181673396068
2013-07-08,-0.1405345418726021,-0.5918320268900218,0.11117646926030196,-0.07297625376296453
2013-07-09,0.16893546091582745,0.1567319331923899,-3.4394634312320282,0.6337934960697298
2013-07-10,0.3581245021457208,0.19106393834321855,-0.9453108262446862,1.4066338827488765
2013-07-11,-0.34685173227712274,0.12447651598966364,-1.1175780053110371,-0.12721540346125318
2013-07-12,0.6561784379993557,-0.12645472201567048,-0.7246268459646007,-0.9027655080354583
2013-07-13,-3.0122746031543524,-0.6744259505779215,-1.1788421481095042,-2.0596156000811168
2013-07-14,0.6391206470624137,-0.029927736536934306,-0.005189099035999744,-1.2062425172200435
2013-07-15,-1.8431767218005768,1.0676965338740863,0.08064848906556787,-1.1264087252923523
2013-07-16,0.148460759806322,-0.32269695465143855,0.8293715380489831,-1.326961781961944
2013-07-17,0.27190117616089127,0.20701602089713653,0.4198526771971861,1.4413142566835786
2013-07-18,1.9036711505453634,1.3469102794287553,0.04938734231124974,0.6596789333983596
2013-07-19,-0.6749597451181695,1.0556087849042128,-1.4906578921667017,-1.2062412113304812
2013-07-20,-0.9525724070361447,-0.9409325503813605,0.2329247045054909,1.1944048041056474
2013-07-21,1.785063719753428,0.267069063516621,-0.8002113786428195,0.6869786525513706
2013-07-22,0.2603806772154645,1.9700071085095539,-0.9683538626166938,0.839211460975835
2013-07-23,0.5023570253388547,0.9206693183845179,-1.1654646452824717,1.1169696391895794
2013-07-24,0.50331209016689,-0.22051921794784035,-0.82965866745248,0.7452119861951306
2013-07-25,-0.15453346805991988,-0.09978846267030114,-0.5478879005396815,1.285657829068055
2013-07-26,1.3388900394853884,1.1577643377243836,-0.46475144079532504,0.582466748970544
2013-07-27,-0.03685260341886601,1.0617718591708105,-0.6349173400218084,1.838197340058321
2013-07-28,-0.08415707556516727,1.7543866873035368,-0.6265006434577336,1.4339265431096542
2013-07-29,-1.0585200522986933,1.8684673357052306,0.7992249800613135,-1.4050701670590096
2013-07-30,-0.6366360575765996,-2.0742291231567047,0.5299275015452977,0.6667530784929505
2013-07-31,-0.4412921133246997,-0.9721264041264833,0.891657338460185,0.20774754869023426
2013-08-01,-1.0696372989226064,-0.28626497227109376,-1.0993404276801833,1.215794503715637
2013-08-02,-0.8171368006588206,1.4676442250081336,-2.013531477121301,1.0296831071462882
2013-08-03,-1.7852362308296763,-2.052057021841087,-1.0431269274003743,-0.060729196253917414
2013-08-04,-0.6697016556391213,0.42043984355066494,0.14577068763625486,-0.6251084978614145
2013-08-05,0.8136966735938904,0.13013704639889023,0.019479865196625992,1.513657861341346
2013-08-06,-1.207919197548343,1.1452750133786247,1.5343440212246182,0.3546634510787538
2013-08-07,-1.0995372614176306,-0.001448138274973198,-0.9036784486453181,-0.16429461010103424
2013-08-08,-0.40490422530982784,-0.09281935570849811,-0.04238816777581671,2.3088333568403745
2013-08-09,2.0272864170289315,-0.6359659473525653,0.0931944454256885,-0.4460849551234195
2013-08-10,-0.8073097803102466,1.914451104483421,1.51555108320963,-0.844265545308357
2013-08-11,-1.3646114629586088,-0.024050773939475415,1.9281048183130927,-0.22409747550824835
2013-08-12,0.9971853155797602,-0.09210183576986414,-1.1020736235928759,-0.26023393777898934
2013-08-13,-1.5766938047867254,-0.5950642594923363,0.4009026550881595,0.2518360438538137
2013-08-14,-1.9550209592136067,-0.4111835196801364,-0.4398014082081836,0.6605269159509911
2013-08-15,0.015736753323201316,-1.3076674812953073,0.9452534666950093,-0.9854956856215582
2013-08-16,1.2513904187942344,-1.3593959521245091,0.770721819290869,0.06183032966112673
2013-08-17,-0.5218588765234599,-0.5350433173869782,-0.343197027892331,1.6320980222820263
2013-08-18,-0.30435741496807234,-0.6376165825799498,-1.6827423423498262,-0.31911940881531786
2013-08-19,-0.13268837486370494,-1.4524502260982703,0.9446646954487808,1.1640710647634067
2013-08-20,-1.1600108808900595,0.9166700824893691,0.12261055709112925,-0.7741048563662303
2013-08-21,1.233218992383461,-0.3598525357202076,-0.31342878947554126,0.5631685490094236
2013-08-22,-0.14190353756998894,1.6934469638071545,0.6094013867720613,-1.4254187104704445
2013-08-23,1.3435975932590705,0.5036428310827022,-0.27606020651390273,-0.8028863496027214
2013-08-24,-0.904977047965663,1.1604498491154143,-0.4737293362580794,0.2609750140788207
2013-08-25,0.9446085971009379,-0.3554012302260814,0.653671631698892,-1.1126808750987591
2013-08-26,0.3208245094469724,-0.8071198315461052,1.7736340388346379,-1.2616282310367275
2013-08-27,-1.4360618412410542,0.5572284857485001,-1.0651626867422856,0.7565277858376599
2013-08-28,0.029407395346589822,0.4927522163803344,1.5189072032600106,-0.8994654112106522
2013-08-29,0.15217742563067627,-0.09869216334108187,0.8142556060200455,-0.7176146727809636
2013-08-30,0.06253231152822472,-1.5242207180819594,-1.1560095208403511,-1.3966503992189658
2013-08-31,-1.3605036701903497,0.33778200389099516,1.2546474106803345,-0.7174439486913735
2013-09-01,-0.6407404062066285,0.6727826370652766,-2.1078629699145046,-0.5589220377780634
2013-09-02,0.8897612369973297,-0.1878562836357854,-0.26078525007062114,0.2099439257486164
2013-09-03,-0.1697552349168902,1.1714880879652252,0.9464356719724244,1.2822489571514162
2013-09-04,-0.9692712499943456,0.511841408111157,1.3842259092674478,-0.007423510449890664
2013-09-05,-0.33705927192553914,-0.11131924519465436,-0.6884097133155822,-0.6769251833938714
2013-09-06,-0.32719611645274527,-0.5243929093344278,1.563717439725102,1.2612559342622778
2013-09-07,0.3477929402735411,1.2910197059866375,-0.6324279031552232,1.855953952959621
2013-09-08,-0.8101845946499898,1.5258440580388937,-0.78217131526211,0.50215200416745
2013-09-09,0.029776748156303948,0.3106482876170646,-0.30000762368538414,1.68302940427166
2013-09-10,-0.21051748609716125,-1.3478760634447666,1.277248808694015,-1.4648650668646013
2013-09-11,-0.03961601154972309,0.6533201191975188,-0.5081740339084108,-0.4162523356198425
2013-09-12,-0.12603680066252607,0.5058154349085927,-0.9873011294675647,1.1394660050686354
2013-09-13,-0.5021311317175707,0.7781464485670243,-0.5750021656148839,1.5238493216674633
2013-09-14,-1.036422850340199,-0.3187004397758164,0.6820149685005462,1.05270491256558
2013-09-15,-2.360644680954764,0.4808593164006116,0.9249734905636221,0.47995749299092355
2013-09-16,-0.43656878375332314,-0.6082633058077601,-1.030181525886126,2.229473387206809
2013-09-17,0.9162475141504588,0.30174536408851893,-0.3609833199742404,0.9210154218683123
2013-09-18,0.29901044388240905,0.6319519244222032,-0.39418992414939397,-2.3289416584289335
2013-09-19,-1.0085556789223131,-3.6837231820573604,0.42021593620288455,-0.4562736639235482
2013-09-20,0.8213475599562592,1.2097499653129462,0.08428236244785176,0.17346285589919572
2013-09-21,0.17167730031784376,-0.3811448457556966,-0.0888541194279696,0.4637028373781683
2013-09-22,1.2315703579011836,-1.8999118392796877,1.0519600540046181,-0.42722239638309706
2013-09-23,0.7466157150799051,-0.23392862697566502,0.24716424630654088,-1.2111912596445389
2013-09-24,-1.5754533847397383,-0.21210960049115804,-0.6362827156037046,1.2535378261822832
2013-09-25,2.9979485792106533,-0.5241169330970952,0.26207961980080957,0.38404515576086157
2013-09-26,0.3532169154198367,-0.4535861672038262,0.19170450892598362,1.007103734472928
2013-09-27,-2.3605617531949026,0.6604715766815333,-0.02988749552890639,0.49590925776531253
2013-09-28,0.5472376153584488,0.5658406411398862,1.4762052282703972,2.0766526855483254
2013-09-29,0.833316083166095,-0.6701895595736447,0.29494692758542457,-1.6641537164763587
2013-09-30,-0.05569228725126074,0.39582062391893413,-1.2278473799216103,0.12974630140517335
2013-10-01,-0.796017921574528,-1.1892255977124435,1.0983952358564206,-2.167327720750782
2013-10-02,-1.0399268688035588,0.6315256078373959,0.9230521240747189,-1.2538214700191903
2013-10-03,-0.9998205587074538,-1.3656236495709482,-1.4628472688461207,1.0681280925005354
2013-10-04,1.3111106673353494,0.3545876228471636,-1.774863870979486,1.3138275383837266
2013-10-05,0.510322947785463,-2.095714184814018,-1.3524522705008624,1.1682126663159538
2013-10-06,0.29925276198756734,-0.6030823210727942,-0.2528982125809025,1.0287278582644659
2013-10-07,-0.5341256655340503,-0.15796118773590415,1.1085950851295232,-0.8923642481798141
2013-10-08,-0.9916690865527034,-0.9101636407496734,0.8541280545204535,0.7050474630523111
2013-10-09,0.6541870176064505,-0.16931203575595594,-0.8062683899987502,0.1549014268738324
2013-10-10,0.6702997943875576,0.8235114432434036,-1.248270142295868,0.8690354912378995
2013-10-11,-0.7477150125991441,-0.9892801430389987,0.19103658104392865,1.4174237625342336
2013-10-12,0.9069741640897492,-0.18790480692108155,-0.5847095173130366,0.12799427428685148
2013-10-13,0.927787366051511,1.280338023779436,0.6391186474765593,1.4112542266952606
2013-10-14,-0.47017617860376154,0.2519236962904386,0.3059944455791584,1.9845928273237374
2013-10-15,-2.1874349624298524,-0.35907939158242946,-0.4031920565944052,-1.3113683517165098
2013-10-16,-2.500456424008818,-1.0711419222534737,-0.4822490697248486,-1.1458006363498148
2013-10-17,0.15226752854524706,-2.2087175752805255,-0.19051599127923713,-0.5681261858960118
2013-10-18,-0.7432355002814037,-0.1697311431314296,-0.31046261303570477,-0.567461854240645
2013-10-19,-0.6671397024011788,1.5153039212164034,0.7525520401093408,0.553646246224934
2013-10-20,-1.38330349711883,-1.4375232754978102,0.2114176901667322,-2.0389680308373563
2013-10-21,-0.26967368848019263,-0.3315976640334887,-0.7131458696855403,-1.9071595043849425
2013-10-22,-0.46823569095791534,-2.978759551073815,2.3244140561477242,0.31569433983372147
2013-10-23,-0.3093024365086668,0.10709250884695855,-1.1680810034910105,-1.8693181092365194
2013-10-24,-2.565246145065321,0.17001656311427485,1.2133729739231371,0.6523669154122856
2013-10-25,1.6671435792838254,0.7012865500355484,-1.0592432023502818,-1.1687025137523386
2013-10-26,-2.4013667004088095,0.5418760443849802,-1.3562175501945855,-0.2522186093713685
2013-10-27,-0.3610801613172448,0.42912874789376604,-1.0032327728348005,0.07990829112639183
2013-10-28,-0.9985353444908469,1.9579491103087043,2.5898737840404387,-0.024795424358880852
2013-10-29,-0.4511185024736121,0.47243389581034473,-0.10179408116319838,0.8143318101856128
2013-10-30,-1.1289666114542802,-0.7070087607098161,0.09964664687338023,0.7889113339839688
2013-10-31,-0.16030432840594208,-1.1226082388053464,0.7436978033074559,-1.6019411120740394
2013-11-01,-1.2997046854958603,1.0143941974911639,-0.131823335443346,-0.9168870176685654
2013-11-02,1.5697510570861701,-1.1563849789113703,-0.9605829674182012,1.7801917292136984
2013-11-03,-0.412040600966074,0.8961275294682971,-1.9757601171024055,0.798680375021504
2013-11-04,-1.1171111286088808,0.23103636230483104,-0.2955057289149274,-0.35716170313005435
2013-11-05,-0.3447888505073387,1.0780062603731624,-1.9839934541609814,0.40598012727614174
2013-11-06,0.5429214287107861,-1.4518483187392284,-0.04087637098337357,0.3377712069653188
2013-11-07,-1.4296727072674176,0.6838787279903369,0.31807905221159305,1.2417160319868863
2013-11-08,-1.1078972575206385,0.05258232580290766,2.217270014923849,-1.5950506941742544
2013-11-09,-0.6178067086205089,0.4839706721131037,-0.6799197924766447,1.241325856547489
2013-11-10,-1.2283218867002583,1.6511536836348975,-1.0726053030489615,-0.5884007522904725
2013-11-11,-0.9547578322637662,-0.9506663658164172,-1.5105874617012447,0.48837841277658317
2013-11-12,-0.9308605608093621,0.16766391425617977,-0.09146882885827079,1.2422502659742594
2013-11-13,0.7617950803571187,0.7441546789580357,0.9326046063238475,-0.4351774423860464
2013-11-14,0.8484784063348504,-0.8006000418689648,0.48303028308593676,1.1194022024305041
2013-11-15,-0.8522091282388224,0.12579310807409919,0.8166142421523156,-0.30485874045282374
2013-11-16,0.11029817476057233,2.7780579624784276,1.0652258265914334,0.2852694584971433
2013-11-17,-1.1726480427206314,-2.5007541919437224,1.8838758039260193,-0.13411167245535777
2013-11-18,-0.2703821436047034,0.23550309340499187,-0.35959530422667435,0.8536311477397962
2013-11-19,2.0511524348057066,0.45994366073328874,-1.3394870135539947,0.9496212743789318
2013-11-20,-0.9354825379545425,-0.2395793670527691,-1.529463868972877,-1.0610390362400912
2013-11-21,0.7191931545814985,-1.5883091455113947,0.12246270628660855,-2.068464487561764
2013-11-22,-0.17394618836089865,-0.10373086745026174,0.3648676159999215,-0.5433803576095894
2013-11-23,-2.324629270864883,0.5021702597664451,0.39492543796322466,-0.14505138078279617
2013-11-24,0.0797890407364154,-1.6854965123840664,-0.8461218931840099,0.6135392201557435
2013-11-25,-0.7503131471146045,-0.5929922087007716,-0.5481615654523605,-0.5787465182308613
2013-11-26,-0.22051101005003645,0.7753380831014881,1.2399319699038347,0.3755198539306149
2013-11-27,-0.18467710506227342,1.3711627818211938,-0.6339049769806707,1.076162560222377
2013-11-28,0.20277900283256875,-0.4891644435059168,-0.5549150527703844,0.07336481983677696
2013-11-29,0.6185796494307974,-0.7184530838754819,-0.708860025218141,-0.5002299580670405
2013-11-30,-0.0531843948314411,-0.5062871297068442,0.6707788488145537,-1.060694600350833
2013-12-01,-1.3358712833418638,-1.436981994364168,-1.4977146145482207,0.7425557091717737
2013-12-02,0.6329371977603182,0.08878226662610116,0.4137535898832648,-0.13180932448877228
2013-12-03,1.3204315559863735,0.44975565898947933,0.8992217319915082,-0.7267467920796356
2013-12-04,0.3664340379989829,-0.25990957033074596,0.26693172448540314,0.7726899594567884
2013-12-05,-0.007975754901516446,0.9318603955840307,-1.5028485242460385,0.5832967897189829
2013-12-06,-1.0111380912473455,-1.5486833421831259,-0.7991129092915631,1.1063004455033176
2013-12-07,-0.2313293375491626,0.11621335822862584,0.41842900602900446,0.08664701975323233
2013-12-08,0.1944353666148832,-0.062222359012027544,-1.1343945764433745,-0.5680130675890344
2013-12-09,-1.4618661468114138,-0.7557253028788795,-0.27002404403395924,0.4098286331319263
2013-12-10,0.23110382850290917,1.288121972726122,1.00272144943022,0.1554936091748879
2013-12-11,1.9358302639531972,0.6603377437702618,0.3174246193461185,-0.6969905299899068
2013-12-12,-0.4297917191888449,0.6432231495396783,0.10779160062857167,-2.3039368141205525
2013-12-13,-0.2199051913724266,-0.5916036536114981,0.6212933719307157,0.7063196854141289
2013-12-14,1.1637722979923177,-0.88863451749884,1.0151715734555478,0.8628291732611714
2013-12-15,-0.9446359344879547,0.4496869905713297,0.42001727530972943,0.6771772310682536
2013-12-16,-0.06490229245340617,1.4630229218855144,-0.74571403861022,0.781062718186426
2013-12-17,-0.10270700695291446,-0.29286325199321,0.17853120320271024,1.4694514764736386
2013-12-18,-0.24063273674252014,0.40801354719136806,-1.2829185890642858,-0.6547426793935277
2013-12-19,-0.6285758979061323,-0.8131740362408899,-0.9011286611863294,-0.2535247487999338
2013-12-20,-2.430322236852432,-1.279156654187958,-0.6652544851156509,-1.1532327770990363
2013-12-21,0.7553608470910453,0.7248639500720764,-0.3247251983414473,0.1857665465337786
2013-12-22,-0.9487003861863114,-0.5840166336904807,1.1462576522932189,2.3906394077773565
2013-12-23,-1.7827990912017202,-0.6140564759144467,-0.7710497993233117,1.0238789659415093
2013-12-24,1.0280932830699527,1.5414690507665287,-1.9197970159817548,-0.23944890209516276
2013-12-25,-0.18706775661682523,-1.5010478880271148,-0.42300062995317805,1.7126083313353608
2013-12-26,-1.1718173039456783,1.7299948221977195,0.3741651616581495,-1.8452190731358353
2013-12-27,1.378985204189205,-0.6018568082772289,0.6983135356720303,-0.32619960007132803
2013-12-28,0.3202120064836183,1.4715330263824626,2.442326639738143,-2.165463072919272
2013-12-29,-1.0795292275047992,1.3551189878184304,-0.407008163226761,0.16221462704412265
2013-12-30,0.649002084034511,-0.7514886416249195,1.0511098564679557,-1.006927186081881
2013-12-31,1.5942179815951798,0.0929205204699697,-1.246490938988389,-0.4570772555943046
2014-01-01,0.020889795767617216,1.0928957052938002,-2.2990509558428665,0.26136189104293345
2014-01-02,-0.3952890285972748,0.5592854066108984,-0.2361272881162686,-0.30760636596633917
2014-01-03,-0.03334106702286788,1.3068058510508187,-0.5267976260338405,-0.2089657809214683
2014-01-04,-1.4837978879263627,-0.8113066598818561,0.40635087592478786,-1.2255704902165028
2014-01-05,1.4309227313415303,-0.8181931756085117,-0.7412439195229453,-1.2152496217357538
2014-01-06,-0.5800947205932843,1.2775572488509384,1.6353791587859188,-2.2498827756180817
2014-01-07,-0.4921622773872748,-0.20605345013177367,-0.09471169264958246,0.5929885958822866
2014-01-08,-0.4882285832031795,1.3066880739546523,1.7804169882844674,2.147275522671319
2014-01-09,-0.10124655633970402,0.40193751018353946,-0.2789809794089184,-1.0463198098835909
2014-01-10,1.8977667475423183,-0.6846738374472721,1.4293046235827687,-1.492918860594858
2014-01-11,1.2692237938080135,1.3754192233637808,0.20106252995618276,0.6573117052359516
2014-01-12,2.0537790527830286,0.7666137483148889,-0.019128683844774327,-0.04021394927233518
2014-01-13,0.7080088832937307,-0.9935903180564088,-2.3491616268058566,0.8114974975070176
2014-01-14,1.496740064695637,0.6553462122840589,0.33914982683786843,-1.7780893978421919
2014-01-15,-0.4636889038287407,-0.08133051208729966,0.9348547189866042,-1.6091304501354997
2014-01-16,-0.8377765466887058,1.5853396084065174,-0.6350153795012248,-0.8555380440907308
2014-01-17,-1.2263450465850692,0.658934466183405,2.357375437423365,-0.23009742437691902
2014-01-18,0.38122864761761993,1.2369738421269718,0.0569947598848379,-1.6368530500645961
2014-01-19,-0.922738452839234,-1.2328201596353214,2.007734001957749,-0.8445172618316806
2014-01-20,0.8389208084369397,1.1187499961072385,1.3308451105486128,0.12960964675500466
2014-01-21,1.3004333808939426,-0.6776473828790045,-1.987784221595994,-0.2990353658790791
2014-01-22,-0.7118617822396878,-0.45802654105898105,1.6973270775506841,-0.9773633300985017
2014-01-23,0.5944125643120234,-0.1126607249472803,-0.8054942966965365,-0.98805859964981
2014-01-24,-0.7254208944145364,-2.8302467182003572,1.7883548267924203,0.5263218733694027
2014-01-25,1.0613559546898481,0.24168362769135118,-0.5832448770966752,-0.029886538661414164
2014-01-26,-1.3515613169866,0.6367917949230961,1.483933982941478,0.14392907897480542
2014-01-27,-1.54955544732976,0.8938038649225973,1.8089753243606064,-0.6012132208181176
2014-01-28,-0.00869166857081481,-1.6824311976135733,-0.6896928109032388,0.8789022184354326
2014-01-29,-0.020918108494892985,0.7615356633528154,-0.4401963267967197,-1.5562749552741324
2014-01-30,0.7679272052907974,-0.482454447795929,0.5101890590300572,-1.101978055200622
2014-01-31,-0.5986734489190652,1.3896509600380569,-1.4997686123559073,-1.096830141847321
2014-02-01,1.0421166798967758,0.07067658416374227,0.8165270086423914,-0.7140423106020687
2014-02-02,0.43922792248621884,-0.006392874713109085,-0.16100018597214236,-0.01418348426740846
2014-02-03,-0.31704473845532655,-0.06081022832076831,-0.15514660144120007,0.6196703634788692
2014-02-04,0.48826875253779883,-1.1806037404422232,2.118487403791869,-0.02108668360954538
2014-02-05,0.4621739456706956,0.6822176057588576,0.6329977155724946,0.32910293827631076
2014-02-06,-1.0254851466452874,0.07049165978825711,0.519531874830644,0.9431193010275627
2014-02-07,-0.3732959625382205,-0.08878159144114595,1.5720786648968208,0.6772657192617237
2014-02-08,1.060723887228681,0.09283771676409647,0.36471449921678134,-1.0667075555006265
2014-02-09,1.0210765804671678,-0.009551998106418885,1.7682017886415808,0.10741620067670153
2014-02-10,-0.02871503934557552,0.910458131386444,1.0383002510807242,0.6328090278130262
2014-02-11,-0.250684481784727,1.4834434167830193,-2.1755258273404796,-1.1536387790063463
2014-02-12,-0.01907449647831388,-1.0220005983590916,-0.4121185314916146,0.994008162381384
2014-02-13,1.3634189135043469,1.0133100052162962,0.4282070985132871,0.5527790024505673
2014-02-14,-0.25612952207687256,0.629143051255434,2.2683028639750606,0.5709255042429467
2014-02-15,2.1685885794224515,0.47469408109812206,-1.7366753897372817,-0.24876473033184568
2014-02-16,-0.6840513617161056,-0.053385662981380505,-0.9003839395503557,0.3010356766766627
2014-02-17,0.7118377047113497,-0.9293904133709908,0.2034697983775653,0.772440084681107
2014-02-18,1.3208523818232962,1.30734929643589,0.29079260278957825,-0.8927676691261487
2014-02-19,-1.6343689739959897,0.39687962803327387,-0.72281012801042,0.48071428743945793
2014-02-20,0.6522561930106946,-1.1024617459218387,-0.40958846287741957,0.3465375808378088
2014-02-21,0.7970332918873878,-0.24147814827245884,-2.0717422528313847,0.24387954533533363
2014-02-22,-0.6533227519442285,1.0221606487917616,-2.07979340620975,0.49210435471553693
2014-02-23,0.47889078550569486,-1.3816687096405642,0.028157906965128307,0.01456131479219892
2014-02-24,0.7803923898471653,2.4055027834669227,-0.4501580841331052,-0.9459386836412302
2014-02-25,0.2368482634659358,-0.6487218834481706,1.3122944494001683,0.2564424709829864
2014-02-26,0.45262252679605464,0.3934763224549902,0.2363127413716232,0.36897680485828516
2014-02-27,0.36132031003754783,-2.287216784633147,0.22605914806210214,-1.750402390316361
2014-02-28,0.02768304271039671,0.7371978291647048,-0.8821699731584646,-0.4042235458125265
2014-03-01,1.5545971235651506,-0.2836227720441059,0.4060195932275823,1.8303263327082475
2014-03-02,-1.12777704234704,0.362566496721931,0.8044150187798271,-0.06918656954596546
2014-03-03,-0.10025515717234121,1.4378944391211097,0.49629765960609096,0.36994362325613017
2014-03-04,0.7073296691686249,-1.3532620067951526,-0.8003214502948722,-1.0015716593771684
2014-03-05,1.0981230568377414,1.4571323361538762,-0.6826700243302274,0.31083063224651475
2014-03-06,-1.4669618135504126,-0.5985372759534193,-0.09024631638225283,0.6826225738258015
2014-03-07,-0.3978941091154241,0.23560542483698976,0.4189203038933617,-0.7215816131534418
2014-03-08,-0.6396986319312957,-0.2936760418901904,1.605084672890701,1.223098344585868
2014-03-09,-0.3127740543401938,1.2290075810661043,-0.602070744083202,-0.5874831759181651
2014-03-10,0.47972512121942573,-0.9417316940386897,-0.85577016883385,-0.8545181090015979
2014-03-11,-0.26595893116139396,-0.03035565675647513,-0.22822440880687392,0.8884162160345727
2014-03-12,0.12038960941653472,-0.1774895548938758,0.5235738934531315,0.10657884780642779
2014-03-13,0.7129216462116655,0.687040389131489,1.6214004502073096,0.173175337379137
2014-03-14,-0.6386720134149144,2.0167185538954735,-1.1155750896827135,-0.9706548491825373
2014-03-15,0.11841671621775729,-0.25575991171911405,0.40331691096797695,0.4329695609442123
2014-03-16,1.2372845376299777,1.1665120563163227,-0.25385381317244016,1.585834724848223
2014-03-17,0.04900290991182573,-1.3132754418391768,1.6001608639845106,0.4436965881212112
2014-03-18,0.3605779221536894,-1.9875671531483958,-0.5441531916008852,0.5290336251405858
2014-03-19,-0.17311725116008947,0.09550955464029505,-0.03876923146745082,1.0616160694234045
2014-03-20,0.14304071948444202,0.6296422280287092,0.8204793535510413,-1.0666692422887194
2014-03-21,-1.0407428398316256,0.22743386201378699,0.48518263474826745,-0.7174157204005209
2014-03-22,-0.2995907944819893,0.5092274376495133,-0.15622590855927454,2.044285081683196
2014-03-23,0.5611301297106004,0.030167729997472147,-0.3815921089318019,1.1520650164560586
2014-03-24,0.020753114964250054,-1.0219836171946322,-0.33795511465987205,0.05901696275118299
2014-03-25,1.8008308906666985,-1.3509924100194395,1.0388398928220413,1.3096456377721466
2014-03-26,-0.06495184958280852,1.6437118541278206,-1.5011186578025475,-1.3251006414650266
2014-03-27,-2.4123802926813673,-0.7101106367224537,0.6696130244033696,-0.12286570369037682
2014-03-28,-0.883271071275551,0.9272526031041347,1.0242421275312645,0.20884452478644577
2014-03-29,-1.7667350861092894,2.081923289825484,0.6556173275476401,1.9632533555891103
2014-03-30,-0.3085470371391599,-1.2043278579077559,0.43697176842453284,-0.4195984489654702
2014-03-31,-0.26934459508169095,-0.7850812712641011,-1.0985742597873323,1.3731595752029573
2014-04-01,0.9820571321082616,1.1522538972425225,-2.224742671105305,-0.8357950588610302
2014-04-02,1.4380033588649994,1.451893646779295,-1.1142977424489735,0.8943884060501374
2014-04-03,-2.0701482001580946,-2.0086437201509764,0.06673433427313577,0.06709650787647245
2014-04-04,0.3784746015594162,0.7014666062350327,-1.2529915378779464,1.1782595083227936
2014-04-05,0.612187526008365,-1.0803172424538001,0.5123213494240229,-1.6450367275732953
2014-04-06,-0.875295270377279,-0.21154401264541112,0.1359908493796487,-0.4972628899625377
2014-04-07,0.8444352899364657,-0.8721523046591633,2.0444747244870687,1.1227406933733162
2014-04-08,-0.5533148476447772,0.03792952653443859,0.6489263032182988,-0.5952376740848662
2014-04-09,-1.2241851818423606,-0.8279889308272025,-0.05552133819259295,-1.3793916642500792
2014-04-10,1.4883690598970092,-0.9970155008085709,-1.2141215040338595,1.1341140512663572
2014-04-11,0.27647051715287696,-3.2188496847624224,-0.9294118951778014,0.13716442160678555
2014-04-12,0.8432082715544704,1.1898671042973026,-1.4707563265016403,-0.5716081824694211
2014-04-13,0.7148216152050777,-0.9946452674455509,-0.6425151302522129,1.9553192235492245
2014-04-14,-1.0665405969670996,-0.8177725887138538,-0.7818655772531448,0.25198801458279757
2014-04-15,-0.9048725383670754,-0.054087929106706775,-0.5742698735498821,-1.2791142463214482
2014-04-16,-1.9446082676207175,-1.0032822386742686,0.36509733574663106,-0.298853001702819
2014-04-17,1.12077180453735,0.5813834636824482,0.3797361054810213,0.8337838222961992
2014-04-18,-1.4274187534070517,0.0738508583450279,-1.0836633850146955,-0.46405154924437453
2014-04-19,-0.018101052389561927,0.9196909573742507,0.28318393131820646,0.7277272984451383
2014-04-20,-0.00018260875336133326,0.07258301389698175,0.37645078863396064,-0.24584949715481266
2014-04-21,-0.041385249597334195,0.7266716114806364,-0.9452186176115629,-0.48806832964127195
2014-04-22,-1.5500394197783565,-0.20367508149518154,-1.1252147550195402,-1.4751134047793466
2014-04-23,-1.365653124904001,-0.08194355079717816,-0.10617330926270852,2.307003572081682
2014-04-24,-3.2537147128388804,0.7214019631442667,1.2152886220718313,0.030736927879950547
2014-04-25,-1.096253849796511,-1.8001094447738057,-0.2049083152030301,0.20112040031959919
2014-04-26,-1.2056516405094695,-0.5755350034389105,0.27938037112454406,-0.9405994403486744
2014-04-27,-1.2125131484871463,2.024682289993819,-1.6174366270402725,-0.2388221732647664
2014-04-28,-0.5614624471927698,-0.2154382060965382,0.3682513009050399,2.160067784592809
2014-04-29,0.0875780772595382,-0.2531563490366082,1.5556705573906606,-1.3752807148363202
2014-04-30,0.4622210798113648,-0.5151169815850792,-0.2708483982318507,-1.761752563919776
2014-05-01,-0.6003014466335866,-0.9567619703884159,-0.2624296711312277,-1.4443036196399268
2014-05-02,0.6853744114317105,-1.0717704094376723,-2.502026393802235,-0.8130974541462651
2014-05-03,0.26847671258888606,0.17951342810503942,0.8745120637403623,0.3806467820136103
2014-05-04,-0.14425357906012734,1.1386687557889668,-1.1669565626736662,0.14995383678131005
2014-05-05,-0.7185488385074147,-0.12646963971232442,0.0217024273120077,0.08899633211917975
2014-05-06,-0.5496020747375232,-0.4151416204856347,1.1826751315505828,-1.4230516360898022
2014-05-07,0.4485373941164566,0.6394590145833347,-1.0396275095460004,-0.12820569444458801
2014-05-08,-1.3395164874113266,1.4133832320113477,0.11721578800285991,-0.5452109731098458
2014-05-09,-0.17811224469454012,-1.5679648375433108,1.4001574435554605,1.383199930805543
2014-05-10,-0.8023665951614687,0.8277013844343578,1.8002633751104062,0.746377766058233
2014-05-11,0.24649805880671835,2.186702630329448,-0.7700279423758322,-0.0011363212753297428
2014-05-12,0.23307289358513372,-0.3533332509897884,-0.35352286529417565,-1.1510227399014816
2014-05-13,0.5589044069340782,-0.04609396259263105,-0.9171466562035006,-0.8263718219350322
2014-05-14,-0.41271628065356397,1.1329143586526993,0.8657230742925273,1.8294402115253814
2014-05-15,0.4486006639421105,0.30696800163683596,-0.1854240759408216,-0.0839323590326931
2014-05-16,-0.3357922396247765,0.025754786521777002,-0.20526614505422497,1.153058736101576
2014-05-17,-0.8318507365952886,-0.8667047650036663,-0.9677487634344825,0.27090916059759457
2014-05-18,-1.2581059322005994,-0.507969116333395,0.5651174705047585,-0.7382151285948182
2014-05-19,-0.11502013149616398,1.8679361514620187,0.9939459377786461,0.8116296513810487
2014-05-20,0.01112762500299213,-2.414039777162057,1.112967897879449,0.3237729212917852
2014-05-21,1.1037533646127597,-0.3994694529878133,0.1704060796295915,1.0687779494686362
2014-05-22,0.39386906664749316,0.49128856629411854,-0.19781419394471936,0.07289965200432803
2014-05-23,-1.5828168593208791,0.07085084470541406,0.8384046314709709,0.43366622249823655
2014-05-24,0.5539013690903818,-0.4265617261039718,1.8181786816823846,-1.7872615784838821
2014-05-25,0.35362073928115195,0.1326532773255106,-2.3369810006274077,0.8965659290893333
2014-05-26,-0.10833187468815056,-0.6919494410544164,0.7603871284613267,0.47883301032888814
2014-05-27,1.6897501853318118,0.9849456289006896,0.22138458947129025,-0.6851463878133823
2014-05-28,0.9873065436070788,0.43581274030688244,0.5140935378734841,0.7245186663571178
2014-05-29,-1.5682331780898928,1.681467155380573,-0.33014184110187317,0.8604823216359678
2014-05-30,-1.1781219678070034,2.3656054610470783,1.25296926396023,0.3931605476448537
2014-05-31,1.5027892196486123,0.23665231494442618,-0.14294995818764555,0.6087251772909036
2014-06-01,-1.0780094205548856,-0.013185921010392817,-0.6301495786663274,0.4374479351158021
2014-06-02,-1.108675871406829,-1.1611394584058699,2.214935139501082,-0.3638457245247334
2014-06-03,-0.17337531901647704,-0.481161731946345,1.0451161807175717,0.7396601342248955
2014-06-04,-0.45756972293941917,1.9241789945532979,0.10903022255023705,0.7237557654655349
2014-06-05,-1.0300412548672757,-0.8602174780314829,0.28094411883942516,0.6286473292677378
2014-06-06,-0.8838472037239095,0.9442144120064199,0.3881032989906061,1.4888576328983527
2014-06-07,-0.3740246204536383,-0.5266933923447528,1.1839348812721133,-0.7680946478632571
2014-06-08,-0.9531880500893861,2.2659472500496,0.9835136493229071,-0.4404270131672573
2014-06-09,-1.5172938831466947,-0.6532478960718802,0.8456834869076046,0.7218107053018994
2014-06-10,1.2679157019578444,-0.6313783375342625,0.3824873684804241,-0.44825325297514323
2014-06-11,-0.5294694302634897,-0.1892839263749436,0.6725564373629583,-0.31351002399698846
2014-06-12,-0.9103328274469443,0.28463209157012725,-0.08479846706988145,-0.4045495811259196
2014-06-13,-0.6430422406513147,-0.27364657707115464,0.5936818626009938,-2.0834175847851215
2014-06-14,0.40116216248040887,0.4524155629988463,0.3668918030375549,0.9778092496248147
2014-06-15,-0.7890295179803366,-1.0908378628979125,0.13897626641872687,-0.5160625748770789
2014-06-16,0.699496544894704,2.60085767807976,0.571954899837705,-0.4641013918651987
2014-06-17,0.22898471947234972,-1.6955691379347362,-0.1417737346350951,-1.5816669975022035
2014-06-18,0.7682431419791711,-1.4592127801368127,0.3117137847138917,-0.29506562613338927
2014-06-19,-0.6558835690055025,0.8351310976553047,0.6416652014067462,-0.046271292069014286
2014-06-20,-1.7021229444455674,1.4226516141180208,-0.7100031847258699,-0.7288462844887916
2014-06-21,2.278954791765347,0.16660948128358838,-0.9298006138123446,-1.2494477263790822
2014-06-22,-0.6590821113997717,-0.11030279860708267,0.5592311481782336,-0.0531086820780696
2014-06-23,-1.410395155395724,-1.3214272690111821,0.5534615673556409,0.962901058678015
2014-06-24,-1.5624853897854825,0.5826113518625934,-0.8689454304186903,-1.0146326994980774
2014-06-25,2.6601815063285965,1.3117396351892354,-1.117575919734792,-0.9603822333137124
2014-06-26,0.32431408719684884,-0.37900373604000426,-0.8948599682011463,0.6464262851991444
2014-06-27,-1.542025501586082,-0.6449731925472199,-0.9426600887602605,-0.25684964054800014
2014-06-28,-0.6706292010977754,1.4372286666676053,-1.508832419175074,2.0542994350984225
2014-06-29,1.669219066505122,-2.348430298628044,1.5528602291727733,1.5332743276712186
2014-06-30,2.2061345453763663,-0.8024263323670814,-0.621700245822739,-0.2936677512493755
2014-07-01,0.4176778214734817,0.3012295484249698,0.9499274303830944,0.06369008652571892
2014-07-02,0.021276364675664447,-1.0998739623639668,-0.5043732165876746,-0.3136015859067809
2014-07-03,0.17380269756842787,-2.460514674259411,0.5207908859811708,1.7094579042528806
2014-07-04,1.2860253261146475,-0.5863227303513582,-1.1630772574123465,-0.25160092545201934
2014-07-05,0.8750076456619958,1.362703135925223,-0.0001679644493667765,-1.6800690147242385
2014-07-06,-2.8315475317839485,1.0336762999579583,-0.7739556089646982,0.8524238528667007
2014-07-07,0.2812787302892207,0.7645225245531222,-1.1398721765869102,-0.6420191199019787
2014-07-08,-0.8402540995868492,-0.8150037770275239,-0.3136714084222514,2.2890122258860903
2014-07-09,-0.816947994896302,-0.6870181050289665,0.8415916857388376,-0.3386691305649828
2014-07-10,0.015235998145003678,-1.1125424129037527,-0.5403948748201315,0.0618490572565557
2014-07-11,-0.8432834351031127,1.3705031271722685,1.9777150795418583,1.748713168262299
2014-07-12,-0.27535743437484306,-0.693875544478765,-1.4576484793337174,-0.6455475870693467
2014-07-13,-2.3094582125209784,-0.6469297498578234,-0.2934615578184424,0.27042352828923744
2014-07-14,-0.5982703907756707,-1.4473274070108528,-0.9354587724270237,-1.6643865409085046
2014-07-15,-0.7615166862875041,0.30154290680214574,-0.28518785009362746,0.10937362048525089
2014-07-16,0.6809023906149293,0.11611009075814384,-2.0511175559262735,0.3833675700627079
2014-07-17,-0.3520085984791951,0.04874484433841385,2.281154470955738,-1.1797609750095994
2014-07-18,1.0884539598680127,-0.5244957603247882,0.6962577549010118,-0.04772646398401446
2014-07-19,0.029788424112384162,0.32554761850545394,-2.5430493621132104,-0.543225705249768
2014-07-20,0.6605640907535961,0.9876555833310675,0.7255406125799542,-0.5996877008756994
2014-07-21,-1.2325974066523506,1.7451779563234167,-0.1471216574847366,-0.27519255536485937
2014-07-22,-0.9017593600971711,-0.2596924698201355,-0.5862114827596137,-0.6284098362124055
2014-07-23,0.5851733126610525,-0.17312758539340428,0.2681258951526194,-1.1007416636166876
2014-07-24,-0.4445555981807342,-0.0833026517774122,-0.1520117618156202,-1.0661990481710508
2014-07-25,-0.18550615238284118,-0.2672957839621544,1.0161241827777847,1.8788097098258913
2014-07-26,0.027924734410985936,0.004407196938138633,0.24910423706685486,0.8123447351000698
2014-07-27,-0.12226243722071765,-1.7100789326917403,1.3635363863317198,0.07026488682618245
2014-07-28,0.6551620837794754,1.0748715336711967,0.4367836057169286,-0.7857620666553583
2014-07-29,-0.8509522268510128,-0.7455808415825957,1.4337531298550346,0.43382261954663276
2014-07-30,-1.287497498075494,0.3877818427724928,-0.047828473049566125,-1.1384971222086777
2014-07-31,0.3478552983714919,1.0908415830894964,0.5890397285101707,0.061712951246246844
2014-08-01,0.4322400116535947,1.365472479372734,-0.5520732285623146,0.23460306545386794
2014-08-02,-0.36432221093202066,-0.22642737152910833,-0.15408296093546187,-0.17944489930296376
2014-08-03,1.162039169567691,0.8626592731281159,-0.2779259698328476,-0.009807291413260597
2014-08-04,-0.9538179712330823,1.1606151414215662,-0.6092909890692981,0.23597293378598805
2014-08-05,0.10904010668587352,-1.2519104928735547,-0.3680657363642031,0.6525316688716634
2014-08-06,0.25454141917128725,1.2191967291500347,-0.9501859190711922,2.009875634885844
2014-08-07,-0.2688454035021999,0.3568518601340321,-0.1958412337694634,-1.2283075554238898
2014-08-08,-1.3008625039326205,0.16346042032625463,0.31098534453353804,-1.4254701635011737
2014-08-09,-0.8763149679929587,-1.19641436456936,1.6578285526545224,-0.7109501452196997
2014-08-10,-0.4268782934647568,-0.6618843472825167,0.10524162434427177,-0.1474332682556098
2014-08-11,-0.22982695341394183,-0.43227325983434073,0.8027583004820776,0.7520086181788765
2014-08-12,-0.2620644990721799,-1.1491044707838138,1.9626066196031686,0.11302163179366613
2014-08-13,0.5947803445865701,2.589257031247907,0.10254857319397874,0.4054326366998701
2014-08-14,0.3513442979023913,0.41162033634522033,0.6507007273421086,0.01621146174036677
2014-08-15,-0.34470772761799295,-0.1517991084284641,-0.468856025346694,-0.4274499293905706
2014-08-16,0.3897204901741968,0.5390373914950296,0.5719858000818364,0.3276622316168697
2014-08-17,-0.2313767196428838,-0.7949424706491945,1.5529885897909463,-0.20003513065409753
2014-08-18,-0.6760222018185171,2.2281518061219763,-0.28880797984409223,-0.5293098543029755
2014-08-19,0.9901288220770191,-1.0605824087431346,0.20361178683119324,-0.2906283259862021
2014-08-20,0.9764215142619975,-0.40063995824901105,0.85498948922036,0.7656554952643103
2014-08-21,0.3859609376776954,0.5936934300610286,-0.7420191266363946,-0.6697737572372565
2014-08-22,-0.7080626049367217,-0.3953787281653737,0.028226094029429365,-0.45691327954817273
2014-08-23,-0.05028785887961064,1.963410091875857,0.7974012291619242,2.031735942663601
2014-08-24,-0.7272174848212666,-0.3539886476085279,0.5922824714190599,-0.48231903309544993
2014-08-25,-3.7412806797892726,0.682037362528707,1.6277038175542917,0.9326808574200458
2014-08-26,0.34778759873382387,0.2801911834241052,0.9884767379094167,0.416130262610694
2014-08-27,-0.7532222493660312,1.1710589478140192,-0.49747730003089263,0.7573482065052819
2014-08-28,1.0452441611419527,1.4355216980414676,-0.8430101579469907,-1.625989060551424
2014-08-29,0.3871006360960355,1.404467938710903,-0.221942908814132,0.6994293811113326
2014-08-30,-0.0027308770821779208,1.4609536831392087,-0.8168873560483465,0.04259860886797831
2014-08-31,0.26015238532194673,0.5022888851922163,-1.4839113990238184,-0.9010105897192731
2014-09-01,-0.4955579209722533,0.1913151247294598,1.9769143649704604,-1.0655359305313292
2014-09-02,0.19544229114445597,1.2840962494375208,-0.6752024711999516,2.8167757879284485
2014-09-03,1.1691004909546918,-0.30937821818671035,-0.18678202213978454,0.8302485467110583
2014-09-04,0.6046764226531224,0.14822785093990223,1.8166001716390245,-0.4989760223971167
2014-09-05,1.0765945985701837,1.5494097169960497,0.2178656684607506,-0.9057558073436056
2014-09-06,-1.2501849878138103,-1.2900550651162264,-0.31791336741417525,-0.8758842158574845
2014-09-07,-1.8452747101692055,1.063407938004983,0.23586785864604015,0.7611521171173758
2014-09-08,-0.4501712539321668,-0.8227430636084219,-0.2773191120113018,0.5627349180746622
2014-09-09,0.7709967303747877,0.17293256519418757,1.505072930271676,1.7141411418645165
2014-09-10,-0.20247153748603647,0.23629644645872805,-0.030819825986296706,-0.6360930644152362
2014-09-11,-0.7816617614929413,-0.715041689851444,-0.3477920791966495,0.1966584410600878
2014-09-12,-2.1318670804016633,-1.6743596948389807,0.4213737982627159,0.820100509694285
2014-09-13,0.2957327219042499,0.7292583449748341,1.0888933254705933,-0.42652172643699204
2014-09-14,-0.08576208995953791,0.22596893914802607,-0.5276970051964632,-0.7481300420277983
2014-09-15,-1.9861641039232933,0.8348063370352391,2.4854196157291417,2.3411976965004744
2014-09-16,0.18868292934790964,0.5980842713536114,-0.05491692593598271,-0.7429991530107335
2014-09-17,-0.7737491168340225,1.31302783073116,-0.1495213112987858,-0.9369446996044892
2014-09-18,-0.1978926090914966,-0.3936669946245894,1.0828904220583246,-0.7385610747083142
2014-09-19,1.3250162394875222,-0.1449730082691384,0.7873316382863296,-0.004891889705496418
2014-09-20,-0.02999868636907891,0.5143951047088057,0.23414222472133303,0.5483231962460153
2014-09-21,-0.4509274937231954,-0.16649748851112087,-1.3625478564155225,-1.4678975649522537
2014-09-22,-0.8024324805521449,-0.6727028093231513,0.8211933534314028,-0.41083072273049853
2014-09-23,0.7657451286201494,-0.137412708925743,0.3179111514693343,-0.22469532508130463
2014-09-24,-0.889153684991136,0.557684432222773,-1.0660123589774257,-0.5995437243812919
2014-09-25,0.5657547942236614,-0.7583806471436766,-1.0124414799018093,0.6541881647822313
2014-09-26,0.33480791731106957,0.7727673466396292,-2.230730976157394,1.195592936351984
2014-09-27,0.5934920204726872,1.372741025972724,-0.5283195407437374,-0.2643968126629349
2014-09-28,1.2000132717880714,0.232086720711848,0.9763949044146252,-0.2266928038714493
2014-09-29,-1.2550595110640659,-0.3684186727373193,0.6555703767257173,1.0125418715679748
2014-09-30,-2.2209532052866687,0.604755084420939,0.06518268076926138,-0.729720004712178
2014-10-01,0.04499919664906407,0.6805494948079515,0.2213438743282586,-0.8841438160279383
2014-10-02,1.7777853657439835,2.5564801172420557,-0.45204088029200307,-2.6107715621852754
2014-10-03,0.9045101965461537,0.7412420398494364,0.6269705264225824,1.4915431305621925
2014-10-04,0.08800313518073577,1.4226050187725379,0.6048881791125148,0.11259416622073605
2014-10-05,0.2584845802066215,-0.21829031424077328,0.45552119429537236,1.5838389743021402
2014-10-06,-1.2031464046916542,-1.0437835059830587,0.3424859015735453,-0.6662572201840755
2014-10-07,1.8865564867958657,-1.206134770535566,1.3458483422958372,-0.43333610191238675
2014-10-08,0.7403154477569227,-0.44118634265621093,-0.6592793177793228,-0.6243004075435242
2014-10-09,-0.7691332491582084,1.4954342805329695,-1.0053394910184879,2.4171898724603262
2014-10-10,0.8596944936400751,2.0595492471921792,-1.7002393968532379,-0.41939976191656386
2014-10-11,0.1912159786879651,-1.4693030519658337,-0.14403216698764773,0.3517316988707979
2014-10-12,-1.1999346070025727,-1.986437198718113,-0.07083599968101321,-1.1818366879539388
2014-10-13,-1.422306987067614,-0.9784949538516429,0.10970714433321081,-0.7364596045347122
2014-10-14,-0.2719323077474702,1.0868446884631535,-0.9180428434205448,-0.49655001990011205
2014-10-15,-0.6382394915032846,0.39990968754262973,0.1842208616854886,0.3601229536740864
2014-10-16,0.08823349585184755,1.243283132797413,0.30734555317600765,0.5122536515887879
2014-10-17,-0.253292893560164,0.19266351698773057,0.4308526377591255,-0.3205441426613816
2014-10-18,1.0266329971354244,-0.9210352865988126,0.9990992525991441,-1.4410410672944152
2014-10-19,-0.2481807977675165,0.7533033936314267,-0.7144338704427691,-1.5042849038824286
2014-10-20,0.08782568157130186,-0.6285946563306147,0.5414085867116238,-0.5869162016574417
2014-10-21,-1.5626862375400532,-0.3328794487743899,0.4974840232339301,0.28131111191235314
2014-10-22,0.7883930803607214,1.2306924137997788,-0.1113490232262235,-0.7518140608468402
2014-10-23,-0.5821600368383023,0.3161506178473424,-1.2403206521145111,-2.2263385195200285
2014-10-24,-2.083179262438219,0.9816143763740143,-0.5631795754689624,-0.13840373935461023
2014-10-25,-1.5608612587812178,-0.04562520671632659,0.17033090569242448,-1.008002147202576
2014-10-26,-1.6728791133679828,-0.2727155422799628,0.3455885431235003,-0.4730502335226335
2014-10-27,-1.0716651086193691,0.3426213106514709,-0.2935579256743456,-0.5821730117838991
2014-10-28,0.4304115419995224,-0.9151030101097053,-0.48732143372066855,-0.04403447681709158
2014-10-29,-0.3849700139868775,-1.231825134499478,-0.45070115883079465,-0.4889045756505783
2014-10-30,2.4364032647782423,0.7619837582333996,1.462065320602096,-0.6542254913426527
2014-10-31,-0.16544460625619967,0.6044755286199643,-1.141891827811578,1.676414397446195
2014-11-01,-0.025694039213784492,-0.14529776556040286,-1.1374010584006249,-0.6841647223734219
2014-11-02,0.19255571812397043,0.15504948228291277,0.1533446799030365,1.6016774183726572
2014-11-03,1.2194130910367798,0.933324551373517,-0.11315415389135662,2.290462794064596
2014-11-04,-0.7254857204089747,0.2534054980325345,1.042305325193034,1.1140377186373913
2014-11-05,-0.6576597119182275,0.7751308124630492,-0.27449803413744484,-0.9159021975127515
2014-11-06,0.19007077014750962,-0.04839615553365591,-1.4677231697109503,-0.14437900806931847
2014-11-07,-0.8128279055691523,-1.5334211818655734,0.5486656301483697,-0.02390145317581399
2014-11-08,1.1443427945812874,-0.1254467299219672,-1.9471777483276576,0.5572888600795461
2014-11-09,-2.282707098478973,-1.7615940900820355,0.12991139146968228,1.2996396258237377
2014-11-10,-0.4974629744510434,0.1885156378064596,0.6357169240154948,-0.4649597306492808
2014-11-11,-0.6332277320603982,1.3395387426443424,0.3080798957981743,-0.08344521745548009
2014-11-12,-0.14308821910479225,-0.6214546176891302,-0.6208760980783121,-0.6730164011761592
2014-11-13,-1.06371741410778,1.2894509592428207,0.4926886148506194,-0.9280167314996429
2014-11-14,0.6340894324954613,-1.052132395262309,-0.2621244316710004,0.033326011736631876
2014-11-15,1.1875960204650629,1.6145869519652074,0.4565879782595642,1.5736306605851902
2014-11-16,1.4655836520160983,-0.666063268618602,-1.653728815475365,-0.12612182589240747
2014-11-17,-0.3966344983373089,-1.5629782498204365,3.2957350069935916,1.4072452827174724
2014-11-18,0.03540340897007476,1.7562990782121835,0.5197648713143184,0.4143598237363327
2014-11-19,-0.42914825376485943,0.6855794380687608,-0.5875272470109422,2.2098566360801577
2014-11-20,0.15696204147134277,-0.1833640840914587,1.2732828055090655,1.2862496673093258
2014-11-21,-0.37069767666380077,2.024944349878521,0.7859816257272834,1.0917750279824638
2014-11-22,0.934888247285493,-0.7757305785578642,1.032344196796006,0.7306212634290489
2014-11-23,-0.12581725095670898,-1.318620783601886,-0.4304385900324575,-0.41192111019402894
2014-11-24,1.24789671289048,-0.7237490230240583,-0.0650181839863987,-0.8201711775445684
2014-11-25,1.5851674049959794,-0.8753680083942187,-0.3872299352782183,0.3142045412643711
2014-11-26,1.2797083272605403,-0.11480370945595413,1.304589711262492,0.17268530854546604
2014-11-27,-1.8538872604864447,1.6979143823550085,0.4092387206870016,0.22403333868765704
2014-11-28,1.1903282211244042,-0.23097835133317557,0.6263596781012227,-1.573032393904848
2014-11-29,1.6431750160011451,-0.3299503621711411,0.5577087539603193,-0.16085633688628712
2014-11-30,0.3231140345329611,0.19844158670400686,1.0142664865510547,-0.958260107348654
2014-12-01,0.34775234077372846,-0.03072872737726455,1.769893586793312,1.8179425909664306
2014-12-02,1.1645843236893736,-1.0947202354505252,0.20520900406159634,0.4165361687922983
2014-12-03,1.3310480876249653,0.5863846341380831,1.166838689596394,0.06454943210005959
2014-12-04,0.880971353404682,0.11567375152450982,0.7002243264126324,-0.9055702411885971
2014-12-05,0.9669026352232516,1.084659112188913,-0.6594024293352874,1.3742226128436266
2014-12-06,-0.06404950360113007,0.36880272630735705,-1.306750292034117,-0.04284218566784525
2014-12-07,-0.7012556558816215,1.3073969261030185,0.8560467751138687,0.3767896026815044
2014-12-08,-0.145742008890948,0.18356252498155265,0.4369055951755332,-2.354994164327017
2014-12-09,-0.6405294716773257,0.6937247002376539,-1.7854997954028622,1.5805237737623197
2014-12-10,-1.387844579081755,0.6266856054639558,0.10698862515066916,0.8800977851457774
2014-12-11,0.22493032963905918,0.33376931720298525,0.8005552517703354,1.1265858659648227
2014-12-12,1.537542746397562,1.2676670150015472,-0.5710126450577542,0.2584662279302895
2014-12-13,0.7149923456951444,-0.48498291525755627,1.5253820829521458,-0.03834479366769887
2014-12-14,0.4547152035104859,0.6853663502415631,0.5006948200552055,-0.07198528353607157
2014-12-15,0.13280684852143027,-0.11772731410405345,-1.3230256653945254,0.5142298726465331
2014-12-16,0.37341513638921525,-1.1758408824930044,-0.33862386639737935,2.246541377548521
2014-12-17,1.023625082054866,-1.6556633635643887,-0.017908945150858162,1.315005588293664
2014-12-18,-1.0458091524732225,-0.3334071683864458,0.1552292602810755,-1.4764196616523486
2014-12-19,-0.04014434240480595,1.8817344293088973,0.4083001877393058,0.8836190258767199
2014-12-20,-1.8681971156708554,-1.3143605512984924,1.130906739380338,0.61926008007431
2014-12-21,0.8729107589455217,2.2724481242919605,0.8533288556404853,0.5115535638918022
2014-12-22,-1.3736124367286335,1.793350272467247,0.3229195199771927,-0.16966965444228846
2014-12-23,-0.21375300702072494,0.8622027146428123,0.7211008327876227,-0.795006682082415
2014-12-24,0.19980662709297603,-1.4841705651779793,0.8779601241799313,0.98199874528744
2014-12-25,-0.32576859350808846,-0.10297534631405503,0.5774825274106762,0.21778822346263188
2014-12-26,0.4069138291814189,1.1277870545058597,-1.4799948444916529,-1.1855950162962492
2014-12-27,-0.18290606125986394,-0.83548947456829,0.7094529339591674,0.3113738252690156
2014-12-28,1.1618315831813333,-0.6698603782490653,-0.3528818175427601,0.8080453520524251
2014-12-29,1.6175273788397022,0.22782768682193957,1.8061488914433672,0.5793499933484585
2014-12-30,0.4233784527696189,0.7175866989240435,0.6308962409916983,0.07617566992284452
2014-12-31,0.26903138088804474,-1.0609742269965354,-0.8668599730993877,-0.5492078452067732
2015-01-01,0.061538675192939506,-1.3914228634834063,-0.47774007108253536,-0.19580816694334993
2015-01-02,-0.007546606290369615,0.014175829209360469,-1.7803095053550562,-1.455873390331484
2015-01-03,0.7938049883238438,-0.3250944356721706,-0.8029888665006799,-0.2939733513979192
2015-01-04,-0.05557048164111535,0.32072139199276045,-0.07393002649418977,0.44821335119139744
2015-01-05,-0.18503750487872597,2.612206708346012,-0.7329864795855094,-1.8868649138336664
2015-01-06,-2.2181797565635595,-0.06942340617725329,-0.14768244940985237,0.7925285906829193
2015-01-07,0.5369351021565866,0.5777380582314635,0.04273039749299525,-0.7268782606080275
2015-01-08,0.9131545329826516,-1.0810326215546207,1.0722119251538766,-2.575818134023469
2015-01-09,0.09025121708940496,0.5186998248894462,-0.9262906473449328,0.9254915246580674
2015-01-10,0.9605532091283049,-0.459738423670338,-0.46817504147254274,0.8593617448155013
2015-01-11,0.8753458240868536,0.36304072754261707,-0.4051344273087335,-0.21683092340257987
2015-01-12,0.7433947816660431,2.003754166498046,-1.402714778560953,-1.8968147456480342
2015-01-13,0.7668163725632843,-0.2633601325570876,-1.2965810746729278,-0.8142550323913301
2015-01-14,0.3936602687540069,1.8094685491002855,-0.18049302489250457,0.02363725306845214
2015-01-15,1.089100427923259,1.7423155637973136,0.2731800946335656,-1.014231864235485
2015-01-16,-0.16893410730789474,-0.4413707999336821,-0.4481260857184601,-0.2227074154177547
2015-01-17,1.0618761272262451,-1.2301121093440461,-1.1664428854611744,0.25224352335985006
2015-01-18,0.9493557529508545,2.00780914823009,1.115471830043721,-0.28381935850502665
2015-01-19,-0.8252936887773309,-1.5117364418372339,0.1281387044195785,0.0868906929092038
2015-01-20,0.12437653108424655,1.9123216525076538,0.2277203850006859,0.42752436474478694
2015-01-21,-0.20326387842089247,-1.539867770287697,-0.3083995230228099,-0.5343845208904366
2015-01-22,-1.1295243741743315,-0.4040695265286328,-1.1689097287033858,-0.8443385866191248
2015-01-23,-1.4348676259455377,-1.5382102906589388,-0.21471172933790514,-1.5095195166241713
2015-01-24,-0.9296720751568861,-0.7160124062324336,0.8803937695229286,-0.7184444778278694
2015-01-25,0.03444593574251701,1.8449655292727096,-0.03158018883650117,-1.1953703872839916
2015-01-26,-0.05735199089185011,1.7711068960501413,-0.9115983580744859,-0.033528974495538974
2015-01-27,-0.28043278098700464,-0.3085161636402819,-0.20270526452321627,0.27335824365420996
2015-01-28,-0.2912087063668447,-0.7848498727048474,0.34093619033058326,-0.8613093805238834
2015-01-29,1.5122197609458792,0.4056584388828125,-1.4058506835633227,0.6612937668810593
2015-01-30,-0.8923073145308492,-0.48276677065590934,2.0266655353366643,-0.15054731174667912
2015-01-31,0.49871827538969266,1.5520374028172523,-0.5841965847528996,-0.07156464298516962
2015-02-01,0.8617745745233689,0.7667764178674913,-0.16180087778086005,0.8811426303591411
2015-02-02,0.17042094981997716,0.48904254247676565,-0.12461768775137273,0.6237106269812661
2015-02-03,0.4949021237458275,-0.2258804849547096,-0.851815800122001,-0.6508749772680493
2015-02-04,-0.6667635919488218,-1.108338033703646,0.7264965378046782,-1.316882766152671
2015-02-05,-0.5805520692232963,0.1137977725058595,-0.24374797300778,-0.45168333603360866
2015-02-06,-0.9956464486668704,0.737678490228421,-1.1711882827698836,-1.3966280230328767
2015-02-07,-0.12381447399636789,-0.06605118456942723,-1.0900823738120482,-0.5934192173347828
2015-02-08,0.7479564133036111,0.38110223373974156,0.0077285749127906965,0.9621314243607263
2015-02-09,-0.8733381214065608,0.8682596208301151,-0.08615425326391833,0.5127205942716342
2015-02-10,-0.18204501570457984,-0.24881106455029836,-0.14744725993671748,0.7440422021535538
2015-02-11,0.7926940973441805,-1.5205863320246646,0.8674760375688259,0.6738001713367338
2015-02-12,0.04888320525775744,0.7173706735539461,-0.16076937464653707,0.8783290005013646
2015-02-13,1.431917179688454,-0.3820387653876767,1.865884176172534,0.45782682727145707
2015-02-14,-1.5449442898799532,-0.8895478804434038,0.010882443768551013,0.16476385530821652
2015-02-15,-1.082310440581789,-0.26539319697168195,-0.7294556975779593,-0.5793229657281325
2015-02-16,0.9322163479049967,-0.5399083913592156,1.297265680111206,-1.9217986450262325
2015-02-17,0.4082659298542208,-2.244779693983437,-0.6608912125073282,0.4371237690774867
2015-02-18,-0.9043824507980157,-0.29591767023802973,-0.0817899724985754,-0.5656595711982344
2015-02-19,0.6751199904924892,-0.9083232120765501,-1.7959272151044678,-0.10206098207892109
2015-02-20,0.8620488321784985,-1.1531708882777272,1.7680408891316364,-0.4061950888650364
2015-02-21,-0.7636560728016499,-0.21146143588771182,-0.2827505475667406,-0.04210756553795655
2015-02-22,0.5338506888276527,-0.8357430486352118,0.19346971617858916,-0.5039797942040225
2015-02-23,0.15672006110510603,-1.7743896032586202,0.2212175507530876,-0.8975819636461713
2015-02-24,-2.737602329801017,-1.9816505130265492,-0.45603104105328757,0.8289670125469194
2015-02-25,1.3400376443592998,0.16239243826805383,-0.3409002539361998,-0.1868025645414112
2015-02-26,-1.3896884019132727,-1.0989052442873954,-0.716452059021122,1.036795954463088
2015-02-27,0.7229531883111994,-0.813808628449778,1.952018500509385,1.2213382367770018
2015-02-28,-0.5373514861533357,1.5210576585250777,-0.8151195630219282,1.530308557870574
2015-03-01,-0.1527287957449651,0.32149732373417034,0.5754402012208755,1.095301102854252
2015-03-02,0.756361490940186,0.7599872383347286,-0.9317958558281684,1.016787825954294
2015-03-03,0.47648298474882095,-0.7876955848961034,0.2764329933843452,-0.5792792663156539
2015-03-04,0.31534100800301923,-1.9083905144766038,-0.7708184707353182,-1.4588090328744252
2015-03-05,0.23721125122915368,-0.34519470913093264,-0.44986168792256814,-1.3814473198944202
2015-03-06,-0.5278391906529568,0.5714266661298387,0.9994857577853875,0.11274026611538192
2015-03-07,0.9263134422779996,-0.1851626692562754,0.13080387036589783,0.16265000406525681
2015-03-08,0.014975336620085739,0.3580715156092868,-1.0357757104907084,-0.1276737967599776
2015-03-09,2.1359160223713882,-0.6891519125162322,0.7089230625861256,0.4054492685801488
2015-03-10,0.2444747193864417,0.912347599460665,-0.3093007203897801,-0.018574217329207485
2015-03-11,0.5908217576115076,-0.7436308565573967,0.8620366976308834,-0.4614085405257446
2015-03-12,0.23721706243665477,-0.10295848628482426,-0.8421190594682059,-0.4727637640827475
2015-03-13,-1.4879253776048997,-0.7436038026671031,-0.9880587952684914,0.10290677660433517
2015-03-14,1.1915696164645213,-1.2167499376385758,0.4043208850712248,-0.5831353400930214
2015-03-15,-1.2108198705731128,1.9262391473012732,-0.8002940017304802,0.1683596763636825
2015-03-16,0.8827549014074478,0.30666401365789875,-1.069830076751762,1.0951664562823027
2015-03-17,-1.7341430759242733,0.11755886309972517,1.3793112376126273,-1.0782768076809055
2015-03-18,-0.9712376712818356,-0.13496114138338264,1.0489944527874038,-0.5497390436000879
2015-03-19,-0.5996580533672355,-0.7041593553378998,1.6231074097587783,-0.6023316159211282
2015-03-20,-0.9099342850669281,-0.13359331376736566,-1.4575268149183291,1.0889565075880745
2015-03-21,-0.27138701683302335,-0.12755959561205146,0.19743322651208703,0.5480948442726581
2015-03-22,-0.11027623751320965,1.4204141652712639,-2.1121672022683073,-0.6732768364984925
2015-03-23,-0.15400376202317842,-1.099952671625858,0.3827315091635467,0.2819617498642627
2015-03-24,0.5810195143882729,-0.10671700082660233,0.062401223427515966,0.16287494193690968
2015-03-25,-1.13231834133247,-0.9830121104633239,-0.5066991091095966,-0.6719956512911923
2015-03-26,-1.6918749888012121,-1.5795081925618943,-2.059091486505426,-1.5260204790761236
2015-03-27,0.035926637072305694,0.8517805237731534,-0.22849103299347592,-0.8921091606289185
2015-03-28,-0.6199317744963343,0.03107510034615667,1.3314662089691667,-0.2681369353083644
2015-03-29,-0.35036988445139416,0.8021916936927391,0.15058057872350109,1.585679026185135
2015-03-30,0.29480020480621516,1.898603257578829,2.5715397377003457,1.5986015399831892
2015-03-31,0.3846244316966493,-0.10155013986889247,-0.7701309019051357,1.4212148922326018
2015-04-01,-0.19941782502885363,-0.29792640817830446,-0.5277332813008515,-1.0490187554819423
2015-04-02,-0.8656420363714356,-0.4933686519076917,0.07504962126446242,-0.9029867140515326
2015-04-03,0.8640645323166005,0.10940451577702315,-1.7990651753109665,-0.48584865198702415
2015-04-04,-0.11674806059427605,-0.05633619089715861,0.3775679059620655,-1.1880328241767921
2015-04-05,0.5656811158838998,0.9522197972934422,-1.5443110382864351,-0.6516839019410314
2015-04-06,-0.6095786937115644,0.5650831037252199,-1.4260244286447874,1.23934058198816
2015-04-07,0.14494455625831676,0.34812158048231734,-0.4497793186431169,0.37318955056043696
2015-04-08,-0.9554181258176823,-1.1964758663524209,0.7982378794998664,-0.4522565416359097
2015-04-09,0.31644026746748893,-2.3329563870678682,0.7114544834376895,0.4882618557991305
2015-04-10,-0.5964128985893519,-0.726438560487645,-0.21016654787831673,0.12107889144776716
2015-04-11,0.7405822783723794,0.5600825652321291,-1.1278156162740605,-2.195312660773213
2015-04-12,-1.212361820805707,-0.3343955156636489,0.336572110549639,0.4067952898796491
2015-04-13,-0.3256400852374658,0.39383313840613154,1.2519067490499318,-1.2108925679707172
2015-04-14,0.24341619024078634,0.3123031439096161,0.12606585397237524,-0.013913319793647775
2015-04-15,-0.4033512242118818,-0.30502538031632026,-2.9262401214110425,1.1779249303211192
2015-04-16,1.381192706428159,-0.24053247112008377,-0.11462105103064722,-1.011925348618818
2015-04-17,1.1969328923251696,1.4694629605568275,1.0567980168838564,0.7708284239810935
2015-04-18,0.024693630844409287,-0.8369794773187714,0.84761742636826,-0.3319481353732444
2015-04-19,0.0402699072802528,0.7221144763203091,0.29161496009584176,1.4584363885365337
2015-04-20,-0.7059405334889112,0.742792474315134,-0.631007352021568,1.0912663120441772
2015-04-21,1.4004625439958187,0.21698224460409354,2.2450205178012346,-1.2007655834645685
2015-04-22,-0.26086949955328737,-0.7212261264858323,-1.226320069410823,0.7400210424470592
2015-04-23,-0.07549636870674242,1.4770940052824775,-0.7601960007361271,-1.5626345765110436
2015-04-24,1.6549937430616144,1.1193776720327,-0.7368825960657371,1.557155288439106
2015-04-25,-1.021414731647538,-0.9084161761500699,-0.7962850194404812,0.685075688927003
2015-04-26,-0.12630923621506185,-0.7907789114431002,0.9329447087947539,-0.9544383390105871
2015-04-27,1.3251542007484638,-1.187966619486748,-1.30101685381926,0.1179153227220868
2015-04-28,0.786329269596077,-0.14381473582426807,0.14727898970084943,1.2820185405257138
2015-04-29,0.4941906274036509,-0.44522897557717683,-1.224092721255587,1.1984688657781208
2015-04-30,-2.065511449470848,-1.3371828956935086,-0.3281791601332739,-1.213769688428914
2015-05-01,0.7547439354335244,-1.2968955090691843,0.5019661075442768,-1.8431084577102608
2015-05-02,0.28784490745103647,-1.379598720317139,0.452186738935392,-1.1188873141618085
2015-05-03,1.0893060548782154,-0.09043365355743885,-0.8111912892133296,0.5956930488672113
2015-05-04,0.32283848281263866,-0.2367127126062747,0.6466951397394701,0.6593959605488178
2015-05-05,-0.11375175384709661,1.006424029326386,-0.1470204074972522,-1.2870375459041474
2015-05-06,2.1733968715895875,0.32182529309882085,-0.050513631302366344,-0.5047713894366724
2015-05-07,1.1789421805353486,-1.9973563310944331,-0.2319602850417477,-1.3235955900153236
2015-05-08,2.015180732567955,1.5300740061006235,0.16701410445080556,-0.88623832336143
2015-05-09,0.5328726635263303,0.09249151345214678,-0.5841904327212052,-1.2247633886774383
2015-05-10,-1.8192984585817302,0.030611934084684447,-0.3399120626754467,0.40545367364090734
2015-05-11,-0.006269459553222557,1.4403933801776427,1.4255100241104464,0.15283564133899505
2015-05-12,-0.723867213485851,1.7554794324899785,1.5172591123836676,-1.3893405119267757
2015-05-13,0.5811814873624095,1.239987532963151,-0.20425083765791144,0.230167796368385
2015-05-14,-1.6025828368544741,-0.14703688798370132,0.5259789065021203,-0.9946208783701086
2015-05-15,0.030998115719829977,0.2983450385642404,0.11832670962362414,-0.4427735912376481
2015-05-16,0.6357385094445054,-0.2047198838304028,-2.4956498784970513,-1.4139101114598478
2015-05-17,-1.8435728903149322,-0.2356616582903222,-0.10227891157319628,-0.7836609155966052
2015-05-18,-0.34210823064325074,1.5083389097314561,-0.8252750493028687,0.3707746111802238
2015-05-19,0.5976969299289332,0.341792092058835,-1.565008395104802,-0.4146082910701511
2015-05-20,0.9016497981725109,-0.06791689582122823,0.17580270675289816,-0.6499657665490677
2015-05-21,0.7856537870994813,0.6542733110803526,0.7249786722385524,1.4321643199399183
2015-05-22,1.5898968332919927,-1.3672375523503442,0.16846830382262357,-1.0020452086952438
2015-05-23,1.2425205957536498,-0.9850411435367697,-0.7139827323088035,0.13494503243537895
2015-05-24,0.21971712452903253,0.20397499080988316,0.669831065965732,-0.6625463009339366
2015-05-25,0.013617744409478811,-1.2670780230631864,0.061450924449155196,-1.5876585547363775
2015-05-26,-0.32497678532098945,-0.2167385967707225,-0.5824702326301673,0.36210309806576585
2015-05-27,0.21137925536279403,0.8608050786389678,0.9055804324187752,0.49352289028313495
2015-05-28,-0.024077634647042948,-0.3047748029280504,1.4479224360534755,0.2786206213365194
2015-05-29,1.6990917427929235,-0.2904152888609005,0.5607198795760232,-1.5588200440951432
2015-05-30,-0.9615234348351397,0.6411929792859412,0.8070116143014157,0.8108616350985485
2015-05-31,0.346699811460033,-0.1899764308638825,-2.319596618806299,-0.5428285848031398
2015-06-01,-0.9119752979320318,1.9031109673775972,-0.008197473091713984,0.0400300692239625
2015-06-02,1.0762100239401078,-0.9034585125866538,1.083865330485199,0.6801262461989617
2015-06-03,-0.4913758702988392,0.20205809616418632,1.58356109855681,-0.28910508699710746
2015-06-04,-1.3278550005683867,1.5237952420898884,-1.8940602443796932,0.7940007271305325
2015-06-05,-2.584591227026238,0.3522441474099658,1.030565615624475,1.7963146048996856
2015-06-06,-1.9543558234010672,0.45392417593230283,0.38714511765979265,1.0809293694093394
2015-06-07,-0.5798758157535998,0.10172328976815445,0.9254030299463333,-0.6473665710369708
2015-06-08,-0.467439618756494,-1.652202474553755,2.0006660646919245,-1.4844906601623549
2015-06-09,-1.9841880049244829,0.5817286518141823,-1.1167121104211413,1.554832415840157
2015-06-10,0.607854620649055,-0.8770723477718819,-1.5274047540810254,0.6219153525121639
2015-06-11,-1.0255646099336286,2.105954441603634,0.9965951959637476,-2.127354226535117
2015-06-12,0.7403170682374345,0.7881425727039194,0.642835164676052,-0.41490580478291933
2015-06-13,-0.3978427190125618,-0.23233990968936846,-1.9471158900227623,1.4174055161017243
2015-06-14,0.49211597883210084,-0.33665322047658064,-1.9208123342803625,-1.4564026922244957
2015-06-15,-0.44965759691054713,0.8519302875519813,-1.0879169051456117,-1.5968210851340858
2015-06-16,0.43688001804040866,-0.04512445182644713,0.9580035033674408,2.3967232078725784
2015-06-17,-2.104603263554079,0.5005515497413803,0.6854456106304949,1.6957918053224699
2015-06-18,-0.6595561587194652,0.3077251424739581,0.3160695123418455,-0.6258283174945847
2015-06-19,-0.32713692686889145,0.06460864238829468,-1.9055356198132842,-1.9424377210380586
2015-06-20,-1.8607125730598109,0.1344825748988395,-0.20114597741713625,0.5403875501973122
2015-06-21,0.9173390824402475,0.6635150146830818,-1.2177257296707633,0.13230684195424963
2015-06-22,0.14101506157432916,-0.5724471025924717,-1.0902517784752859,1.5835169202954331
2015-06-23,0.7194522641742214,0.13142865843187182,-0.39885270930670985,0.2013473707512279
2015-06-24,-0.298608715763684,-0.9306434488897487,0.20944864383439848,-1.0728949449088527
2015-06-25,-0.9805899139455876,-0.899030725346575,-1.8231267807107223,1.9677538871129392
2015-06-26,0.19840748270832975,-0.44728322560958406,-0.7429672348418128,0.3344302062670659
2015-06-27,-0.23611810216725407,-0.28177287773464355,-1.3875758713515114,-0.11697730555077686
2015-06-28,0.3767757115873315,-0.18004498045718753,-1.1173002023507257,1.0573525175764011
2015-06-29,0.19049147786091614,0.6363536856807155,-2.265840428738135,0.2999989290587719
2015-06-30,-0.6197879960783655,-1.7996207737688819,-0.20055107616033419,-2.3114623020571408
2015-07-01,0.12038243432843349,0.8916799860457755,-1.3021168648690442,2.2486014969567525
2015-07-02,-0.08137876406649425,-1.3373111443347299,-0.5376956157995788,-0.7696085387238721
2015-07-03,0.8176600856966268,-1.361247330711155,-0.596237773068868,0.39644093441164086
2015-07-04,-0.8633656450745394,0.21071117164293832,0.13586322439852347,0.08197000184659317
2015-07-05,-0.3582733138439377,-1.5878308661470062,1.6747307209329774,-1.556675213945772
2015-07-06,-0.4767890608384687,2.0998472856648354,-0.21963671373335336,-0.22095132872683762
2015-07-07,0.7293378150565087,-0.02362375061992491,0.11830892303519266,-0.6590861343360613
2015-07-08,0.808221595635686,-0.5058431105171527,-1.4252114972112513,0.8186139270633692
2015-07-09,-0.062093069753305655,-0.9967797446549866,0.5506306540500262,0.08907667879727789
2015-07-10,1.5066946518862179,0.397866118519187,0.7321084841922031,1.936225386017998
2015-07-11,-0.4560885211444791,0.41975007675692544,1.127299503195156,-1.4307638305835542
2015-07-12,-0.3553642385780576,-0.2582961541655019,1.861303204130382,-0.13146554570963137
2015-07-13,1.732112778755322,0.26304572859550873,-0.030269949662514718,0.7961968717944634
2015-07-14,-0.5050043319670818,0.18387511444211127,1.2930257935923657,0.009556171097681872
2015-07-15,0.5800567687165588,0.47821166272752497,0.8806657756510903,0.17426624509556818
2015-07-16,-0.8084103957869571,0.19040748341134267,0.7805532442575862,-0.5203635898426164
2015-07-17,-0.32050123579751044,0.960748117280642,0.7833264047365966,1.1443270689253802
2015-07-18,-0.0531961659440166,-0.1415628100373568,-0.05989815150860827,-1.0090221172819225
2015-07-19,-0.13120636636156138,0.3268459186405893,-0.5923832119863461,1.6309079014483918
2015-07-20,-0.3683780132198793,1.1122052341799462,0.059745696077160085,-1.4029770266767025
2015-07-21,0.15075309839188775,0.27868528855380353,-1.7560619307302259,-1.58331763421511
2015-07-22,-1.50312548294544,-0.13988218773095473,1.0123299150211214,-0.3653569629304609
2015-07-23,0.2641650292970878,-0.022521187677172438,-1.293159978285137,0.880284516149483
2015-07-24,-0.010651144762246996,-0.2942825600481131,-0.4241060243111729,1.082127391565899
2015-07-25,0.31607327126582885,-0.8990024279721635,-0.10517525671609496,-0.07453799600348993
2015-07-26,0.2991669259436166,-0.6229244221496818,1.0140174618021054,-0.004939885756322783
2015-07-27,0.17875000701454108,-0.56202849347178,-1.8388495116285173,-1.042011051347565
2015-07-28,0.062220587939137664,-1.510326335967383,0.1860899238303059,-1.1695340301390427
2015-07-29,-0.5633426412394684,-1.4674039163627692,0.5601980706927957,0.954722022322932
2015-07-30,0.550764537420363,-0.48783133825760844,0.6526133983639113,-0.6962613344070786
2015-07-31,1.6095601195769298,-0.7728674300735853,-1.3656869802734009,-0.008701353599529305
2015-08-01,-1.4448034318490368,-0.574270266460863,-0.020741971053450995,0.4238631059712483
2015-08-02,1.3508701109935464,-0.17747714000195938,-0.8858509330051663,0.9557808195456048
2015-08-03,-0.8113522196377897,-1.3041531510364175,-2.2387151949572837,-0.8421138393099055
2015-08-04,0.44930106246300494,0.31014017659495496,-0.40773226959949205,0.16979066971141474
2015-08-05,0.31122364266511077,1.6772096396930587,-0.11098029578570914,-1.5839361077295133
2015-08-06,1.2842197830833668,-0.06829795813219133,-0.30672250271350093,1.0045166367807081
2015-08-07,0.22585514264664458,0.38249600679755263,-0.5116582896079772,0.1311107706784902
2015-08-08,2.4873077689551635,-0.15016149212738364,0.10180477546165166,-2.0732279481874056
2015-08-09,1.2083232176868008,-0.8971194984755382,1.9350784007322224,-0.7969390763643629
2015-08-10,1.2544508992029353,2.044970107538726,-0.04098025533260171,0.00319382345155661
2015-08-11,-0.10985283448277158,0.9084177733409379,-0.09297382542410243,-1.2234755701795639
2015-08-12,2.29614837443047,1.167123776009304,-0.3647391714307109,0.7113444346183262
2015-08-13,-3.414148357097202,-1.165403152974516,-0.21995432567779294,-1.2338987591227262
2015-08-14,2.208908897097663,0.076403627502278,-0.2538452573493052,1.1850910285739515
2015-08-15,0.4298276336032476,0.4051544619335412,0.2709622562952349,-0.934957761677819
2015-08-16,0.09873099684255404,2.7530175700378177,-0.6478666052143683,-0.37213471165847417
2015-08-17,0.13456457019681986,0.03325852324764877,-0.5845567486463332,-0.12678659428655376
2015-08-18,-0.3804531159235708,0.4814889818379834,-0.8746954071679216,-0.5478841014002556
2015-08-19,0.17728816680007956,0.5049093082433981,1.8330395626982818,-2.302183900922434
2015-08-20,-1.824651765892959,-0.7636735815911686,0.23087707467090654,0.331908222998834
2015-08-21,0.3595658365704841,0.5488606097747647,1.3269853814131345,1.8466321219479072
2015-08-22,-0.9637262206134357,1.627169688673446,0.7185670312143758,0.8682401391929586
2015-08-23,0.29877547884428896,-0.19017264717659918,2.1201035942369972,0.23029960542587705
2015-08-24,0.440371512807515,-0.7975982010244914,-0.2673981778852437,-2.3126159089678135
2015-08-25,0.8708913283853768,0.18351606255887662,0.0646406977557007,0.19756793734164835
2015-08-26,-1.6959928732772669,0.3548727361137431,0.8081359989721133,0.0867532320873323
2015-08-27,-0.4902752332378937,-0.44593671078606867,-1.1346026822189526,-0.004365976805073014
2015-08-28,-1.6922521403193183,-0.7088184651604401,0.7435884896488641,-0.11167232903313541
2015-08-29,0.513267211540679,0.43450433212431994,-1.3684006599077259,-0.09189802333679281
2015-08-30,-2.047601639698226,0.6763422966312362,-0.4795965509896399,-0.38699110994466807
2015-08-31,1.008420848587196,0.2826060531632782,0.08867687621465703,-0.10119118749079489
2015-09-01,1.0997136690606735,0.3389065437257103,-0.14684934966705077,-0.2720178263280497
2015-09-02,-1.846090398180761,-0.32536597218642094,0.17271767163417404,0.6428522473175862
2015-09-03,-0.29067581142339277,-0.3216417969427379,0.8671868929138234,1.5051961019126598
2015-09-04,0.9328392830368367,-0.6118066082752975,-0.5772218621594959,-0.05930303572454084
2015-09-05,1.5097124224331635,0.49456770571221315,0.796054227890893,-1.5976943224113056
2015-09-06,1.1035946739177358,0.390427692504008,1.0496419382590199,2.3037289134023737
2015-09-07,-0.8183115281650151,-1.56253607199855,-0.42182519773578075,0.42084211270805755
2015-09-08,1.3119829966212435,-0.4853873731706088,1.8633061997730223,-0.19675079951978544
2015-09-09,0.7514742712048609,-0.0486438093210179,-0.030433892775060502,0.06586630991655312
2015-09-10,-0.0631176710115956,1.2064636742126296,0.63667113984352,-1.28052184274945
2015-09-11,0.07547298646135303,0.03372640020236981,1.2627410449562098,2.577921082415872
2015-09-12,-2.8344184380806596,0.7405665428718545,-0.2199958922791391,-0.6285668862389926
2015-09-13,-1.30493845770834,0.20812048591615798,1.996313304126787,-1.826441685817332
2015-09-14,-0.7665165187880171,-1.900830125595894,1.7176738251857206,-2.1314872386591035
2015-09-15,1.095274512394638,-0.8999164579678839,-1.7673173405958809,0.8553261899744461
2015-09-16,0.1631397011624888,0.48525891797402027,-0.1544077457114633,-0.5112003039484524
2015-09-17,1.1013696160119015,-1.1704498889935209,0.24843458756513312,0.1189982423433232
2015-09-18,0.10681890860787345,1.07574940277367,1.914514536762109,-0.38511911482041183
2015-09-19,-0.6710338162967959,-0.5317738668892169,0.7172231236253179,0.997348430769315
2015-09-20,0.11397220079038539,0.10812763492154569,0.13416153702649136,1.7618001952534414
2015-09-21,-1.1671991858522803,-0.12889258677468846,1.5006340754671295,1.1012205298433722
2015-09-22,0.03216339241065716,0.9242071234359985,-0.8263123698390017,-0.18473981522002583
2015-09-23,0.7613338590603687,0.7540382304259287,-0.6498047946873747,-0.0313619016598555
2015-09-24,-0.16685724172712887,0.08533263965833507,0.8782894187000148,0.0459079616478711
2015-09-25,1.442536856658506,1.2427383005109862,-1.239895445281385,-0.3118492883898027
2015-09-26,-1.3622120763055516,0.2561835212572175,1.9755730253765384,0.39029665525293333
2015-09-27,1.7631294148600611,1.5394790917005405,-0.9464996880552057,1.4775594438729576
