,A,B,C,D
2013-01-01,16.124847185903448,49.303478463402115,-1.328092111876998,-5.580555617739396
2013-01-02,16.088090340681788,49.87247221997177,4.820154683265741,0.1773445750262539
2013-01-03,-5.827192792366551,50.61146438090176,7.218048134098529,4.247346144256576
2013-01-04,-5.612653522002557,47.55095981208061,-1.013335409992946,0.6205231409810315
2013-01-05,15.169306930587236,49.89436769284133,-1.4239976341262217,9.371546143813134
2013-01-06,10.493666754158326,50.60149720446818,-0.6868745803783495,-2.812608454834435
2013-01-07,11.00223498985745,52.041745453566065,0.2935637313772873,2.0266958673269655
2013-01-08,-4.393268003680362,50.505999316965315,0.798125593325522,1.2878284576120502
2013-01-09,-19.753295949828722,43.97352852655082,-0.15634498751188594,0.43466367835954844
2013-01-10,-6.43991722646922,50.97214585941067,-2.078275177405556,1.093075511787774
2013-01-11,-1.0576189348045855,51.216955269417866,7.66580820683536,2.278466139531372
2013-01-12,2.7050504453204685,50.17777405407665,-0.9512075875772155,4.431470912706974
2013-01-13,7.695927831310147,48.61558738211422,1.1998409509376755,5.280413235049151
2013-01-14,-16.02076984657421,48.40146264130558,-7.735403233701072,-1.9160185472222513
2013-01-15,-3.5252854880486577,44.427697054871466,-2.278123549966225,0.1364561684931307
2013-01-16,8.801303161314337,53.063698585546895,-0.18164202436276392,4.123879230461562
2013-01-17,5.554076733291156,52.93579399837963,0.7050379606367501,5.556983836110135
2013-01-18,12.405676053779574,51.44435289828116,1.0717965821094189,3.472291017104927
2013-01-19,13.19177842226555,47.63380151765503,-2.0463296712406844,1.8328226312881453
2013-01-20,7.850065375275096,49.69456473492151,3.756360376175375,3.6852609973186627
2013-01-21,2.489148973094963,51.05710239514748,-1.2161539869524454,2.4516121601214227
2013-01-22,-20.893444264917115,50.38059462893807,1.6946278200018554,-2.8958093985414335
2013-01-23,5.406339928495324,53.17684973694157,-3.170381623277147,-0.944646838379039
2013-01-24,15.784723356208644,55.92668413759971,3.7774312097334586,2.4449464818434032
2013-01-25,12.700501406786342,48.028606325391735,-2.3632200282871825,2.395088770014261
2013-01-26,-1.4855780936117373,44.730235621251175,0.769014612479497,-2.3446606240522536
2013-01-27,-3.606222716659481,54.26491158621115,-0.22306786985837956,0.6440881317792857
2013-01-28,-8.825598896647444,54.98678679453186,-0.4414468659338489,1.4526396484127355
2013-01-29,4.130412041651904,49.952030439253335,-5.8060968918405385,1.8308698715090759
2013-01-30,14.654181577304875,44.51725437839678,4.092612581010954,-0.438223615602497
2013-01-31,-0.9017915463310286,53.301313491373236,-1.4201710164067876,6.36615936985612
2013-02-01,10.708331873221123,50.76981322399901,2.17729026208971,-0.7896826928749818
2013-02-02,3.847448493494798,53.86729475841388,-1.5373800969918006,3.54700120049084
2013-02-03,1.3926606752575732,45.562480458544464,-3.8281187925677234,2.2157893198562855
2013-02-04,1.1529940852271992,47.472988072134925,1.8980990782925784,1.704181943680081
2013-02-05,13.655533229245925,51.09694027262154,2.247427810609202,5.1359902367594845
2013-02-06,-0.8013397464085958,50.744002537368935,-5.901798253347998,0.07787623233445173
2013-02-07,1.3329609919251775,52.248382205566045,-0.17795852275572033,-2.945789416710238
2013-02-08,13.18265103651309,50.494161734158354,-0.788371492573468,0.436945755992997
2013-02-09,18.0459863938869,51.730217471235754,4.430480519289913,2.9444926041517907
2013-02-10,13.39918754431627,53.05095573425563,-0.8187832467281608,2.78055647154624
2013-02-11,-1.0695490030071673,55.40701010052133,-0.1168407669112049,3.140503221823323
2013-02-12,9.072337964385493,55.45899712672681,0.047268550581129685,3.1402982589862987
2013-02-13,5.514842075822087,42.368817266645266,-1.107360347400321,-2.369307648697225
2013-02-14,16.875075556380956,51.50783962966198,0.40841699376018187,2.6857324864902505
2013-02-15,-0.8287776991315434,49.63642716824153,-3.0976558649526975,1.249506993986565
2013-02-16,20.87658793073472,53.50239667351559,-0.8751766266163008,-0.5768486870657283
2013-02-17,13.260027416728374,49.84874183554589,0.6524092898655852,-0.10044986657201771
2013-02-18,3.4855552374217678,46.46705258190852,1.635365722468438,0.6953959441420341
2013-02-19,10.499817543582616,51.81374025313601,-2.071728576408791,-3.451570859808246
2013-02-20,11.007441455854401,52.28631994018064,-1.9073080956523967,4.965546430642289
2013-02-21,10.090652937939666,50.12507914187511,-5.6189681274022885,2.767552737014239
2013-02-22,25.77570063763128,46.576150419664884,-0.3514304335359379,2.168644072708878
2013-02-23,-4.7976431956744285,46.73387301025891,0.1607770490153557,2.7646747307061084
2013-02-24,-3.7963179151920343,50.138761683144466,2.700562358306711,-3.379217125190621
2013-02-25,15.440493420031736,48.91245108502901,1.2234149190948753,0.9458613750544564
2013-02-26,11.164106580609094,48.45921022997987,8.186745329902692,-3.259023601163758
2013-02-27,-9.627341296350453,51.38787566190924,3.065138345240766,-2.194922786879239
2013-02-28,-2.0606589968598907,53.200634236048046,-2.1076802219902007,-5.940108259486623
2013-03-01,6.572578930375633,47.92319208380353,0.7707937884570619,-1.295372531750798
2013-03-02,14.114300476431668,49.45878954238769,5.357558521579974,0.9730414774002494
2013-03-03,7.717625401098663,45.69795188644468,0.027551795613396393,2.9087335446489013
2013-03-04,13.385771985694081,51.2551004591754,0.7954894314213028,-5.693049450055774
2013-03-05,4.973077405852312,49.601368094920694,-0.4541169947219238,-4.5560598104492716
2013-03-06,19.88788836612631,50.20625768395181,1.966241370121451,2.2763619989178947
2013-03-07,-0.851918009786278,51.414821424853045,1.770364030450584,2.151410438175342
2013-03-08,20.538478527697528,49.80576366628926,1.3571984481375368,3.4216349477452623
2013-03-09,13.613803837162791,50.603033346921414,1.8948911027305169,-1.2155404492883402
2013-03-10,-1.056017038051003,49.54940346692053,0.6516835213730668,6.888146397159506
2013-03-11,7.195009928226878,55.336493890250516,0.7852248214567068,0.18174825355160573
2013-03-12,-3.409916867004391,47.95983721390593,2.498736359005859,-2.8597377294805537
2013-03-13,6.121529528864224,50.32508635833929,5.525610344338375,3.9532134353485198
2013-03-14,-15.943160060865885,46.714335189065,3.4513428797684043,-2.7426964380944883
2013-03-15,8.078867414383916,51.532315508177106,-4.0191656838335295,0.32057080782792347
2013-03-16,2.8358258249119412,51.39948461612819,0.9899715013500026,1.8387135654080777
2013-03-17,-2.026366165188218,52.99439758418992,2.742279126927411,2.3521503967531165
2013-03-18,9.167244841849362,47.722493046745114,1.8629252287729388,2.5136287216514437
2013-03-19,-3.257703029584608,53.067267865379996,8.194684021557016,2.0559325122672276
2013-03-20,7.013795304817038,46.2451990447257,-1.2239247051227644,4.989850342326729
2013-03-21,16.263354746191894,46.11504520885282,-0.06078186203278552,0.20832865278516932
2013-03-22,-11.109525617213823,52.882384860103464,4.064379720094493,-1.7629097873862496
2013-03-23,-3.5967198337239967,44.842753884917364,3.2482318510015817,1.640746159408262
2013-03-24,0.26437730945048,50.43957085999454,3.6285327611430356,1.872252081724037
2013-03-25,0.5370818369801782,52.32404273980693,-2.1390130111303316,-4.319092478284912
2013-03-26,-6.227099858346406,53.296302183616774,-1.0307945283242077,-3.9532564287663217
2013-03-27,5.390304285246218,44.442310319634935,-4.094076882954698,3.8737223220586277
2013-03-28,3.517599061736324,53.35717477418642,-1.4830915243152794,1.4333931663382262
2013-03-29,2.0410461278449916,49.60689793074097,1.7487299578572961,1.1909921941440378
2013-03-30,5.775033098626168,56.518464123949705,-6.462864457849099,3.4193405450125276
2013-03-31,2.0667105129593604,52.14701774915438,1.3924994952888619,2.037750229537149
2013-04-01,24.476434768930076,52.52322658783743,-2.136474423989451,-1.5362369220046213
2013-04-02,9.956689474010444,48.75110090428756,-1.6924781465349636,-1.5571190967514674
2013-04-03,8.441947210311175,51.38355578816604,-0.1436384015101198,-1.873245278300657
2013-04-04,2.6680331575836016,44.19571000961025,0.641524614877518,-1.3489989182401416
2013-04-05,1.385428577276402,51.27508769635999,-1.588088398660444,3.7905654028957687
2013-04-06,2.070064161142487,53.253380085320224,-1.1731761070706976,1.4622024560647582
2013-04-07,-10.60241009038605,50.33064724784263,1.9916998946446896,3.2116267700792496
2013-04-08,-0.35036195386963787,42.20524152206653,3.5148486984051237,3.1810421357297862
2013-04-09,14.713992172665924,47.20140432629224,4.137624221414325,-0.8793725826567411
2013-04-10,-5.935859894737412,50.132910240308526,-1.6012346515133418,6.076467092237921
2013-04-11,37.86289089448545,47.819245809250724,-3.4645929345875603,2.4008096582766285
2013-04-12,29.622559266860748,54.56089473430508,-4.429513628967728,-0.3941510557945811
2013-04-13,1.4056365871467764,53.743976421726124,1.2289500564447908,0.8691688564746441
2013-04-14,9.970397981663535,55.62138855432478,-2.270780002452591,5.245984574016036
2013-04-15,0.4766430395634842,47.06072698275467,-4.010788415616975,0.6891603043921544
2013-04-16,12.506096349077144,51.15230274423121,2.4344907118064207,2.6798029306303834
2013-04-17,-7.195972836521328,50.80695310820238,1.0084177767090834,4.500750952266445
2013-04-18,-1.1017030800473453,54.36138552602956,-1.3472339918074372,-0.6090548644507439
2013-04-19,0.06262090766279904,48.38342758860519,0.038776154777871455,-1.7980876870872784
2013-04-20,18.310829343781492,49.87823768613222,-2.55703073635976,3.639956177713585
2013-04-21,12.066140216579733,53.56237913429527,-6.6319112543908805,-5.995888725740801
2013-04-22,16.331579965529468,52.24668986706555,-2.6346269972604928,0.09812721362358168
2013-04-23,-12.39010535284423,54.178461954011055,2.011497618721271,-3.1432139708589837
2013-04-24,6.040683303756969,45.752868492567714,-0.19031015472141188,1.2833386851726498
2013-04-25,10.904122236610139,52.28217572409029,-1.5078138797040554,1.0203109376280182
2013-04-26,-2.7814176523521903,49.192475688722105,1.1537534283581299,4.967654599458763
2013-04-27,5.97295048090247,48.37286427856441,-7.086849022571672,4.576793099817593
2013-04-28,12.199781997929051,51.371990286166984,-2.266008506240675,-0.19711947809665742
2013-04-29,25.90762749036974,56.40444083957709,4.5505937988614535,-2.2089597181092344
2013-04-30,-5.820564987372103,52.94978976758417,-0.3473506487607566,2.5176197060904113
2013-05-01,4.449752230085339,50.67799184843531,-6.151659425951852,0.7750170099044587
2013-05-02,0.1260175706140787,44.921261898154825,3.071369324706068,1.7332756331682733
2013-05-03,12.555146541249282,56.72020240691009,-4.3415859116350175,4.713446552014057
2013-05-04,-7.5983075556275566,48.77827289306162,-6.182073734268142,-0.9292398469655474
2013-05-05,10.212773718560516,48.62809303530815,2.811249457906338,-1.3827141917604582
2013-05-06,10.103801893138737,51.943934907902324,-1.1269786304389489,3.8794100987348807
2013-05-07,4.804820191569075,49.983283398309034,-4.664104001299551,3.13668777165866
2013-05-08,-6.979549074355676,48.84453614818017,-5.9067695594521155,7.698044739019892
2013-05-09,8.621527515845546,52.58373411196015,-0.9319512238925992,-5.319428221990327
2013-05-10,4.200596801981299,46.32784182382462,1.932702998771214,-2.230632905187285
2013-05-11,1.7901174563664526,54.0440107326052,-1.7592403548156703,9.706662024715325
2013-05-12,8.31902782338342,46.08673864904667,3.5368485289973774,1.1443189617834701
2013-05-13,0.12309850189358862,50.44125373536905,-2.667079662639018,2.0288703502137735
2013-05-14,10.65857005154778,50.27803816470724,-0.07587828121163798,1.4742215456835812
2013-05-15,-2.575271295301289,55.9279244173536,4.59544633674194,-3.341094229986261
2013-05-16,7.29171474153217,47.69652020119188,-3.0908819786027513,-1.2035486751432414
2013-05-17,-2.7063419724803843,45.77993134218458,0.4997104829209089,-4.262336705170243
2013-05-18,10.577148595462127,50.46183408654221,0.6963646409826428,1.4000276119812605
2013-05-19,-7.914769526278603,48.3745016893173,0.025709462718924936,1.5794038101014274
2013-05-20,-0.5980241653132223,49.35853911125329,5.557140907956675,1.8395390882628575
2013-05-21,12.487229176524174,47.49831248258752,0.13691574146403046,-0.9153317880713701
2013-05-22,7.19740689049509,51.93183948072726,2.7729526757172156,-6.146612405889846
2013-05-23,-6.64712237348194,53.89691754999965,0.9384576746139093,3.349332719831142
2013-05-24,4.8753510703918534,47.61410371539993,-5.068266070369467,-1.928273300940253
2013-05-25,-4.945285046938514,45.18343036629407,-0.2645177216599652,-4.050054399427434
2013-05-26,1.4610637588807522,49.57080817533501,3.2309068236801446,0.1858264431943829
2013-05-27,4.667245727313347,46.41774542933892,-1.4027185821575572,3.764165285820974
2013-05-28,14.675202460337216,49.416207069041405,0.08032880105749202,3.7625502406343294
2013-05-29,15.836407555533189,49.68395175057106,-6.219777966285999,2.3254012894758604
2013-05-30,6.680506987176472,49.28603854880792,-0.39427075137720846,0.6661778977256541
2013-05-31,13.851368550673035,46.29786438542586,-4.409721250375821,4.959280841971616
2013-06-01,21.500057359363705,50.55463198960423,-2.56091324357515,6.480703593875695
2013-06-02,-4.82530295566421,45.81873029267123,-0.7408053884844119,0.6314726848225141
2013-06-03,-9.332025892241337,48.085473959103176,0.37488383564570105,0.04541552936430193
2013-06-04,11.974680602124124,49.77872006126097,-2.8714099747364505,-2.3525757593148087
2013-06-05,-16.235977727406194,49.67005442855415,-2.43188140481286,6.58911516863577
2013-06-06,10.447167304755823,48.92007688882764,-5.94463658816303,0.7935300909519585
2013-06-07,19.915349018315744,48.019488968785645,3.589248593536756,5.898988043193209
2013-06-08,8.81436076213517,47.57187222873135,-2.857161330354891,0.7418529061433146
2013-06-09,9.349497104398317,42.86413060032525,-1.8478681853302683,2.0574959279925245
2013-06-10,18.19202666523325,54.30488724948862,3.0660889827992617,2.361188652460933
2013-06-11,10.392496383550277,44.24597194932373,3.22275149365667,-0.970612565781676
2013-06-12,-11.603587003518207,47.422668042846176,0.34617274915349355,-0.762855573543143
2013-06-13,27.142743771784573,47.995966431836514,2.5333655705620557,-4.549642881811254
2013-06-14,19.93769706876602,54.51594446435858,-2.0578962545150032,1.9518755921130326
2013-06-15,2.682330074820253,46.449236365167046,1.4117592337670215,4.6101224169747494
2013-06-16,8.935309759109497,45.44012427579557,-2.52319255642401,3.187055570071565
2013-06-17,5.02893413352012,51.7995927433808,-4.901719776060249,1.5380255045348945
2013-06-18,-3.1487972038655663,48.60012177727099,-2.692585210652136,0.6635487938430589
2013-06-19,-13.667802520459624,44.202089875530525,-3.371010796552482,4.516198583458952
2013-06-20,-7.815343179285614,48.23742426389031,-1.7018209217765121,-1.4559830010169246
2013-06-21,-19.288630112148716,48.36592024156386,-1.5791738162531197,-3.4743799593580835
2013-06-22,-0.45613461513306053,47.836937364648996,-6.058129317286008,4.1660414035768625
2013-06-23,-18.338817496193816,49.156360416934824,1.335284127336619,6.379431406326913
2013-06-24,19.305478716272074,50.76532262358464,7.151913825256865,1.8192697137671534
2013-06-25,0.8625896868982119,48.03229921917176,3.7124629386150083,-2.290363426862294
2013-06-26,14.460402164891217,46.58580847467774,3.3386697148589684,4.060024334983229
2013-06-27,8.60072042669321,56.33179721180084,-2.361426392019491,1.5445434401752833
2013-06-28,12.372610313371611,48.08808371900064,-1.1846723792295606,1.4600852201866608
2013-06-29,10.36417698241739,50.27655517452262,-1.0876011006283575,-1.1413442019013216
2013-06-30,1.9590386951558907,53.01290284348444,-3.7499094933924457,3.819528731131082
2013-07-01,9.108725898839669,49.36614883067056,2.0631663214531697,-7.823246163725106
2013-07-02,9.096300679110223,50.31195797413867,-3.5023247275727707,-2.8447987484448696
2013-07-03,-3.4956270575213217,50.136177390040416,2.979639725395873,0.5522035557836108
2013-07-04,2.0519659846755562,53.159417150797836,5.058129662419706,0.7895289305102325
2013-07-05,-11.641947533576257,49.538506216744494,-2.7672222960112722,7.04335313290715
2013-07-06,7.501359001860256,51.99240021989419,3.8562913949373483,-5.002836995749499
2013-07-07,1.9972887335332579,47.69977603194703,-5.779188458860198,2.1803836408425976
2013-07-08,10.354554339982545,49.715816024910396,-0.3772210473708244,-0.007865147628326241
2013-07-09,8.488941976373006,54.522038369794245,-0.20355646162558338,5.43263890749936
2013-07-10,9.983695583382074,47.9963410238171,1.1745506545451976,-0.19495120614860983
2013-07-11,-2.8040459209125856,51.0287095295071,-0.40493324817726284,-2.39980389850019
2013-07-12,10.542976889893325,51.99608327404766,-1.6375776323579774,-1.2082321098277156
2013-07-13,3.390845325392498,47.536336748672475,-1.0003115143759396,2.5904826864757275
2013-07-14,-23.710923133973214,49.31687242147665,-2.3601972339842057,4.281889565183082
2013-07-15,-2.3123260056158106,51.26777024512657,6.345612991194123,2.0548959810258376
2013-07-16,3.1555969688650385,48.07480334297873,2.2836631938480645,-0.5209985483479849
2013-07-17,-0.6250617964035063,53.36740403146098,2.5820837194903827,4.731876168785155
2013-07-18,8.753728951398172,53.36350938431559,-1.4838732176392226,1.4244317465525052
2013-07-19,4.242295359084398,56.05431341156966,-1.2772080821253502,1.9736936339017201
2013-07-20,-6.3915800203432305,48.88132763127913,3.1069607757484614,0.13193615332366626
2013-07-21,4.859849793821239,54.04096738433974,-2.273717587626667,2.7607021627200306
2013-07-22,7.14582352514333,45.40287915624986,2.1276483478908883,4.0574731014123175
2013-07-23,1.3239725774206539,47.08399941051507,1.6600141204806862,0.07426541364458239
2013-07-24,20.655183318121345,50.01714086887381,-3.709995534082354,1.9073255111515461
2013-07-25,12.184268682277143,49.22818134098125,3.4998161570292936,5.475829096794067
2013-07-26,8.784847212200495,49.13407534285254,-2.4466644396468213,-1.8355899826882318
2013-07-27,-6.657973684228489,46.99867762283572,2.73578999286123,-3.1008647851876034
2013-07-28,12.145204407900028,51.65538415540071,1.2156394740682666,1.628771347897637
2013-07-29,-1.3671463603016711,49.41693941315937,0.7875763441113988,1.8616979496745178
2013-07-30,19.26357995821393,52.723658739652684,1.8197685407138522,-0.42599944782631627
2013-07-31,5.433175696867245,49.952306553903824,7.494175218526238,1.162807959275467
2013-08-01,-8.606361672176648,48.63641500013776,-2.313778047088028,3.480504695864784
2013-08-02,12.642954550881608,54.31171073832384,2.345034768130666,3.0352095538938775
2013-08-03,5.6323393672189805,50.12280608473172,-4.576249605022172,-2.2005493944160612
2013-08-04,11.208356539351204,48.635313950033215,2.217455699536327,7.182961469593058
2013-08-05,16.00759577726768,49.01001607559479,-4.255805847461288,0.7513536912316092
2013-08-06,3.7418571475130027,52.58343159736428,-1.3768618930344267,0.7582447862645494
2013-08-07,-14.470958387485311,49.30695458856374,-2.625623036338439,1.2371805406725909
2013-08-08,-6.697028251675812,50.29734642483561,6.719210175370616,-4.390317689476583
2013-08-09,10.273980554632368,46.93490143784976,1.4034063810200696,0.3668944635979121
2013-08-10,14.165837337740914,46.92436960708183,4.983413048008007,-5.907357789003186
2013-08-11,-6.8425599299953035,46.16532093221594,2.0060053198003476,-4.3028510066761
2013-08-12,-11.288693523844401,50.584627076922295,-4.43673545201376,-7.5814448678699655
2013-08-13,-4.692465633001589,52.860059026090525,-0.18486162408460047,-1.8237828761635821
2013-08-14,13.26807016983485,47.993806060987936,6.721095489245908,3.0208749960258436
2013-08-15,5.815920171746203,45.074012968492255,2.833045215086129,0.3608371686895202
2013-08-16,-13.856999919728892,48.19869692511925,1.2032708719128309,2.3436405176209014
2013-08-17,-8.535871682490768,53.82088972836575,-2.482465788054439,1.2976024288126111
2013-08-18,10.272660416026392,48.860122972085406,-2.05015698222914,-2.1544555343229357
2013-08-19,-12.205603479401102,45.35435317411592,3.822345114560411,-0.2843089959159957
2013-08-20,14.88406784208795,50.26108996180028,1.8831019610287338,5.050888945250975
2013-08-21,35.00125303126752,49.331440700315724,-0.7959442084260355,-3.843060079581395
2013-08-22,15.437529292742074,50.37549998745828,3.3443488353059925,3.572817297578597
2013-08-23,6.220674500308839,51.112690910480666,4.01675655346673,3.3680001245386078
2013-08-24,3.2697953062664737,47.93441405854317,-0.818185354164649,-1.2133347754283053
2013-08-25,14.783942560927324,46.92299279674687,1.73868178025229,-2.1359599299224397
2013-08-26,14.92139624494309,48.35681826212886,-0.7584276322189747,3.2953483909217556
2013-08-27,22.909276766893793,53.22117581263428,-2.723089634641199,-2.3694447812272816
2013-08-28,-3.160119717063477,50.22460185860196,-3.414625980137596,5.475423965349567
2013-08-29,0.06558535884101335,53.85201643201805,-0.2966679881664086,-0.8776829223271561
2013-08-30,8.511610850408719,50.84920687530517,11.121659110791807,6.1111964441208055
2013-08-31,-18.308748261055374,49.514375796013525,-3.0178876985443157,3.534249215042376
2013-09-01,11.0597799972184,50.18825442416719,4.6342489297328555,-4.453520718459891
2013-09-02,-5.311327507369111,49.052561539238745,1.2466502142080886,2.0705966838623753
2013-09-03,25.707877203702928,49.07128495137451,-0.8356463732414124,-2.6933099409175716
2013-09-04,3.5420811743325116,53.73140644386127,3.3219439107218385,1.2056328877334963
2013-09-05,1.8797751866346823,48.89739393674701,1.2709643400544703,4.92377179491226
2013-09-06,17.409429228720796,52.58687108579169,7.226445459072913,1.7576767475798212
2013-09-07,-7.368582928794954,46.666159782570205,2.2118076047329707,4.140015103930356
2013-09-08,19.944297545702177,48.20313444337336,-2.1412669849939747,0.8909949925525864
2013-09-09,3.267585520886227,47.46066471927551,-0.8550174162439437,0.784956536808127
2013-09-10,3.308105052391417,50.68883293573969,-1.2853774871024914,2.6391498936345594
2013-09-11,3.1964930103701965,48.56907159833899,1.5134401125597106,0.6645391141352133
2013-09-12,9.522915533854821,52.08105582261703,-0.24672722420229187,3.6708133249954864
2013-09-13,-6.554858402717791,43.152923765968936,-3.1865122298921573,-1.2146771800075231
2013-09-14,-13.349048158867006,48.99596100082596,-0.6876303661248867,3.5737134564906143
2013-09-15,-6.158870781182976,53.33751739140712,2.349146730785618,0.10667021028371781
2013-09-16,-11.593162786377768,49.36617279411469,-2.33080925041933,3.0011446265813166
2013-09-17,2.433484534352593,52.213918790076804,0.6253314216614457,-0.8289179530783803
2013-09-18,12.890653100668743,47.19288002595721,0.2151339276159367,3.106625917519504
2013-09-19,15.542154288809314,52.55042607385299,0.933599269206994,1.9379923903364296
2013-09-20,-2.1262416851934516,50.75152001367274,-4.6353106453243464,-2.8668898663317726
2013-09-21,-4.334828312378475,51.08858296287053,1.0709972124621265,2.984840627714413
2013-09-22,7.807505078953081,48.80386376944029,1.6230713634818872,0.6602868166270321
2013-09-23,11.09246293304423,49.85884276292798,-1.3642090859672291,3.2785358837504095
2013-09-24,-11.349337123800737,49.07692926456299,-4.806621398418741,1.576995128144861
2013-09-25,-6.335921968763712,52.742117512907534,2.602343454920694,4.99518990245361
2013-09-26,22.097333856118155,50.80901291242402,-1.250422408892425,0.075129343974364
2013-09-27,-3.505689904317096,52.64980678431669,0.8068233948273148,-2.1453450826943765
2013-09-28,26.621245920520863,53.2438556399196,-2.008645201684442,0.41182569197908236
2013-09-29,-0.9148107046913818,47.600116556345114,1.9481860061965566,-3.351189366639697
2013-09-30,-1.1618761092349148,47.19233118437214,1.2208855975646782,-0.3219600190395817
2013-10-01,3.186361177541299,46.626566654093025,-1.7450608550440583,2.5189093466853207
2013-10-02,3.109165384420388,52.437597026402024,-3.2261367630843143,-2.8123620916999146
2013-10-03,6.378928188504395,47.20506783675066,1.6360102394577754,1.1310942978883118
2013-10-04,14.560776945150922,47.61800722679825,-0.6077737459166399,2.2906919230134797
2013-10-05,27.382485523738826,51.43154495238719,1.654789788318398,-2.0816934796733433
2013-10-06,5.5148107505960615,47.47549240138645,-0.6168304154197889,-1.0383333531116223
2013-10-07,10.218977891207825,45.84119768451795,-2.903279497795113,1.6830334223790382
2013-10-08,6.718628000551627,49.477731140969105,0.10924327625929511,2.7448959474005203
2013-10-09,-1.985554562484186,50.92132280463133,1.43917753500963,3.572525866134858
2013-10-10,-1.2339407337647676,49.27277226109271,1.3159262622359797,-2.7461613989641522
2013-10-11,1.800855597787618,47.58675070452383,-2.9684493782504147,-0.8626770987820573
2013-10-12,-3.382237245185628,53.218461661050355,1.111842597103679,0.3643349636478035
2013-10-13,1.1019026480167913,42.52805825352855,9.872284371427424,4.89750641257192
2013-10-14,-13.670452635749339,51.88637017970924,2.170553479653968,2.0342091430530576
2013-10-15,28.516898149855898,49.14665698497664,3.101678144580309,-4.012362544474067
2013-10-16,-12.96911064400383,50.39802014257774,-0.6690471250842456,2.2206549628121843
2013-10-17,14.87450812166346,53.18005856935521,-4.936324059473532,1.7751590924859961
2013-10-18,13.90568036181932,50.388137980753584,-0.8234084765571603,0.3042363598721346
2013-10-19,-5.073043395696864,51.00058251815776,2.4257733686724405,1.4732864044336524
2013-10-20,6.712865270457818,49.276097275047285,1.341024089758763,-1.4597953194564712
2013-10-21,2.8413845032845257,45.490957765363255,3.2988151331917974,7.236724554253929
2013-10-22,-6.890235267929858,50.970331090278854,-3.3221384086486347,2.0791234977147637
2013-10-23,-6.994941193754478,50.25860610862473,2.8464213764585593,1.271072525394279
2013-10-24,20.84156872299241,47.98901624401482,-6.0336858188010085,1.4768148171234041
2013-10-25,14.097194938276962,48.61461899303538,1.117723953789505,3.496947525796167
2013-10-26,5.325017928726803,48.30841148730278,-0.4880264207088597,-4.293429764976161
2013-10-27,-4.386907838121163,51.972292148812,4.060892501264715,9.04220593901919
2013-10-28,-3.439800423645213,52.924408314481795,5.576118572044806,4.801860237345211
2013-10-29,3.9723807581585677,49.236148588618775,-1.7722650969204934,-0.8796272409192432
2013-10-30,13.601548343327565,54.95909841704777,-1.58527977809019,1.8833162834671946
2013-10-31,-1.4723464922368814,51.5792688731316,-4.915849149725148,4.1614317660151485
2013-11-01,2.4835004120174253,51.93781936431266,0.8256937860953637,5.252721944071018
2013-11-02,6.434263788297882,53.242614177521276,1.109787139213311,1.5673489890747292
2013-11-03,-13.024277481346505,49.0392470966821,-3.424271003487179,1.6136250462641915
2013-11-04,6.2585731784793435,49.70855319200843,2.029993353194808,3.4317853369923936
2013-11-05,0.37392509861911094,51.59463373521155,1.6620170961410423,0.5555743075539115
2013-11-06,12.854275089107471,47.47927225637002,-6.0983497703294365,4.6774100759630635
2013-11-07,-12.51714399075911,55.324859222480704,-2.2299438066530826,6.291745843435669
2013-11-08,0.5885612320382299,49.13750666942978,-1.2235276792890994,3.979863105471727
2013-11-09,8.696115867701481,51.55291757140978,-3.9084410219662136,1.9027486800014706
2013-11-10,13.319848276785775,52.43751829918662,0.5321747531671217,0.720505614880664
2013-11-11,-13.448722537325118,51.005242496567476,0.5698442267665226,-0.9281071421250529
2013-11-12,-3.098565464930349,48.23424903561707,1.5609104145162906,-0.7852807503258885
2013-11-13,18.77228890897998,49.30990722020338,-3.2170233239236197,7.634346860144863
2013-11-14,-5.494331649498211,48.01138392229154,1.0103741328108697,1.8721150461662062
2013-11-15,13.066421707096346,54.18943395973171,4.499110078355956,1.4213875773655071
2013-11-16,13.85476132664768,50.82780629053234,-4.426554109744918,-3.066568850371662
2013-11-17,-3.8420092503378918,50.38560255580451,-0.20037987064775076,6.964747576649955
2013-11-18,10.974803651064411,51.9873945126632,-2.9116608654036336,-1.1127552693687899
2013-11-19,-3.52379340196803,47.64436227001741,-2.3919680168469974,1.4733671394914434
2013-11-20,16.524589939558254,57.03400247968301,0.14429817302108494,4.004004128379949
2013-11-21,-3.238751208302114,47.946591611344104,-1.2128688017199465,0.11955417657619671
2013-11-22,10.987872126002527,46.529553724992084,3.0089966097333263,-0.2700802751692013
2013-11-23,2.41439108546226,50.99343511698445,0.4585749426068646,5.786397295942717
2013-11-24,-14.745560047843796,48.009994102361915,-3.682981459247274,-1.539933404513917
2013-11-25,-0.9633246757599601,48.74528109216369,5.413656886220169,-4.732081659158319
2013-11-26,-1.5738221371918328,52.72746309593467,3.051580061401178,0.7754348142959501
2013-11-27,7.333254904900171,50.087745710824315,2.0917696899146643,4.783722910984899
2013-11-28,-5.3418168842824905,51.917968317548585,2.861893672183309,1.3728353268630324
2013-11-29,0.9018247967476594,46.64609316765626,-3.595041478511656,4.202118151529002
2013-11-30,14.310403956611585,47.982032915069055,1.4202962207883456,4.125964528506152
2013-12-01,8.553308467480424,46.447496681639905,-2.778278842465128,-1.406625016580883
2013-12-02,6.493169139165262,48.1864286777903,-0.8517808696800409,-0.10034494266760396
2013-12-03,-8.547863259403186,48.578396922817156,-0.8038307528846464,-0.2573964001636708
2013-12-04,13.306107365487568,42.33220054105932,-0.22054036150710127,2.7035704328731964
2013-12-05,12.886397175014931,49.49074549652758,1.8213441518983928,4.896423484709391
2013-12-06,11.652670838471385,50.31661965073722,2.8484947041096387,5.463617052408721
2013-12-07,-1.3914689645604863,45.04353444475819,0.6819686846949367,-0.548627089017836
2013-12-08,28.51555415293817,52.999056256940776,-7.035664699185666,5.225833183904966
2013-12-09,-5.206879316754323,52.17174754613072,-1.0422390802552974,0.9672778832197345
2013-12-10,-1.0150200621037575,48.52424810971878,2.0169958542077544,-3.506968531591589
2013-12-11,7.315903403005926,51.18489510460584,4.973507128519952,2.5783189141041496
2013-12-12,16.756946624890432,54.879042237775394,2.4377442084545753,-3.0160811903662976
2013-12-13,-3.995811865309898,48.56478900635119,0.2112791441897265,-0.6240375332178618
2013-12-14,14.97373208230584,45.3273644381865,0.1764997830393041,4.917036978235927
2013-12-15,6.504867390206187,52.546446281160414,-3.96053813915372,0.6118786577295081
2013-12-16,0.5405270076522193,49.5351314942221,-4.652693805156668,1.8163327253395523
2013-12-17,23.4063567387639,51.29490808079437,-4.11025105822081,2.342317114447879
2013-12-18,-8.033309145063441,45.94073843073377,-1.7887132247341326,1.3802091994728871
2013-12-19,-15.114935906207144,46.181786594888585,4.019945697950959,0.624493894334054
2013-12-20,21.264629370108338,49.73552051991612,-2.88922325800554,4.7930354520893985
2013-12-21,-3.5169523742125026,49.6089541628602,1.4884561365117335,6.417117546450187
2013-12-22,-3.3859728881609943,53.89193826945368,0.615406089393091,-3.369386641650177
2013-12-23,-4.120028129444407,50.54922174003417,1.8066555738605738,-3.148299081311375
2013-12-24,8.170798761686324,52.11749042136206,1.7505075450268728,4.075119405394378
2013-12-25,20.239517589554275,49.385514076692544,3.525396453432794,-7.736144988778495
2013-12-26,-7.520813750694476,45.01662372668479,1.3039921824309084,-2.6063518743371406
2013-12-27,5.6476225540101055,52.49217504704488,0.5617566939909255,3.161531833294687
2013-12-28,11.204536871003329,55.589134556594814,-2.12860923725961,3.2338026677729013
2013-12-29,-5.725314975352479,48.56782962308189,1.7748250218073365,-2.595783190801476
2013-12-30,6.053474168487389,53.47435057532502,1.6171565778229309,-4.527600983152131
2013-12-31,-4.053357246964168,47.6272305524825,2.5604787585325663,-3.8012520567963506
2014-01-01,12.8354976724567,56.066743322888904,-2.7542335022516333,4.981917069435102
2014-01-02,3.7498328043156413,53.50712178033055,6.7168038551996965,-0.9168759114856295
2014-01-03,5.974248051251344,48.69837064516989,3.516277603143183,1.176766814836321
2014-01-04,3.78288501359489,49.431625399839064,1.2895394187366396,0.03905893118946424
2014-01-05,4.705166974358458,51.15509897099499,2.7432700684146436,1.3653309329278205
2014-01-06,15.495071163993577,52.859422905083036,1.6023001405397639,-0.11936165454040992
2014-01-07,7.0570298513907215,47.27511838225927,3.2998101855458897,-0.5700173054665778
2014-01-08,-11.80482523392585,52.375354058587234,-0.13276676259522163,-0.107657960975716
2014-01-09,-13.365151180227219,52.974606806760306,1.623499202723191,-3.2900000173363146
2014-01-10,28.44296524819365,52.9583470855629,-2.470585895839826,-2.9401955681206102
2014-01-11,3.782261418070292,52.37729155870348,2.087153775571097,6.963539070630553
2014-01-12,2.182553495509319,52.89816379183491,-1.6806641103373097,-1.0437481527776797
2014-01-13,6.082889621926006,55.57445583809816,5.5516972194421035,1.6799233506596987
2014-01-14,-6.0153733049549185,55.40123211002441,-1.8516663923821093,1.0815551854261576
2014-01-15,10.658496876495484,49.439252661738195,2.319999965712559,1.5934597533201025
2014-01-16,-3.1373931988418864,44.715460289714464,0.3724103432117995,1.7332789443323207
2014-01-17,4.405287173299214,51.89429134469095,-5.585809487457092,2.548770353321421
2014-01-18,-7.535549635953382,50.546980929402544,1.2851107928884504,4.027013452992803
2014-01-19,-7.133692779915798,45.060709516118315,0.44431022007121923,5.756768099724059
2014-01-20,-3.4907686185184676,49.68457332107714,-1.3050663602318133,1.151079476131404
2014-01-21,-8.849980863488081,53.62321584951345,-1.1667761021012808,0.672596666721858
2014-01-22,1.7746613889668739,53.90197022121692,0.5607047674633524,2.9886117836450166
2014-01-23,-4.871968986329437,49.71036747040812,-0.725789404114699,-1.7092367444312848
2014-01-24,8.341359158569556,49.63684225075019,-2.7008647145416,1.296632334187215
2014-01-25,4.8072482777915075,48.06246499845518,-2.3579860501418017,-0.8612343780575253
2014-01-26,13.902468436170482,47.06620354400129,0.1658543380813746,-6.004202071243201
2014-01-27,5.362239584121137,47.32669575575802,-1.0562557236747254,2.412471329525486
2014-01-28,1.0602425435207947,43.52910354848249,-1.448636734961462,-0.6711482320496294
2014-01-29,12.528350970482013,50.50596519648568,-0.008788456559020892,3.662019497969623
2014-01-30,7.305628915960251,46.439292160494524,-1.828546756638593,-0.9487300650000381
2014-01-31,-14.171541980735249,50.71742921618499,2.142842778894561,0.5580106738952039
2014-02-01,3.077462493128602,48.98115195493057,-1.5475206097873275,4.5151897021616545
2014-02-02,8.046883525324168,53.72419985611798,1.6029686603397888,-0.575162245853081
2014-02-03,6.610885561930926,48.95426956636371,2.2000652244100998,1.126341365021795
2014-02-04,-8.266027106767355,56.54958072857575,1.1073562267474284,1.8419108107526743
2014-02-05,14.597963473354813,54.124479155454274,1.5563304040109827,-1.9882278893654988
2014-02-06,-2.610279100241682,49.327839841457305,-0.48315759537188063,-4.008796366815223
2014-02-07,-8.708578805012326,48.103277700412384,-3.1242750535531267,5.2678468761430635
2014-02-08,-20.556295684692373,53.92418765082835,1.5831671068218542,1.0753452852427996
2014-02-09,18.09885013341664,46.02371262478502,4.228548506819299,1.4661138750615472
2014-02-10,9.086205052215442,46.984402476058015,-1.08225737671575,5.5332916967382415
2014-02-11,-14.627388973416299,47.602949565707306,-0.3880024491604332,0.5931368777549026
2014-02-12,-1.2144582843932366,57.21325554831673,2.7628049187016623,0.4564263265829056
2014-02-13,1.1704805414799244,45.3192604258508,-0.40423673422120016,-0.210718678329755
2014-02-14,9.742673736976949,45.712252627531704,4.08658711142996,7.718977525727506
2014-02-15,14.535796883972566,48.77652146527082,2.671444071599252,-0.3709119857110663
2014-02-16,12.935671309509502,48.74864095117525,-0.2345165026022348,-4.301436479368906
2014-02-17,-9.09374841106893,49.63119879152921,1.8904701326584408,1.6758610974687296
2014-02-18,18.567241562400817,49.95777401703323,1.028489383890428,2.6421595585800524
2014-02-19,19.340399973374215,41.968672574221316,-0.09376301440211829,1.347700419086761
2014-02-20,18.756782902667904,49.06137265979051,2.5757125923666186,-0.2789447438148087
2014-02-21,7.928380219883048,49.32427762338114,4.571076794916879,2.621249428839449
2014-02-22,-1.4262250209189231,48.02268885876184,2.559355883916892,4.5245233948295605
2014-02-23,9.722548997218304,48.60467124198464,-1.980111802596558,0.28001041909883606
2014-02-24,10.280283548022004,44.220770992025344,3.4569456739787237,8.07269033552892
2014-02-25,12.050146482593545,48.19877501531838,-2.57988477828657,1.9669978627677318
2014-02-26,5.9222309166816025,52.7586513091905,-3.1311833868807466,4.363956138804104
2014-02-27,-3.1031893267250723,52.58697781923864,-2.97798838390851,1.166365743505172
2014-02-28,-12.084474155989167,47.46724229097656,-1.240396095724814,-1.4060522921337735
2014-03-01,26.75927073435193,49.11484236171027,-4.375121092217317,0.9368908143202117
2014-03-02,12.183539953336307,52.851513120478266,1.4488921912044836,0.6892922982864423
2014-03-03,-1.404389030073978,54.07979352485159,1.4999677246414802,-2.0714106270636403
2014-03-04,9.30667302057855,46.716538304793254,-0.8912689321979441,-1.4153410461776526
2014-03-05,10.627769075904016,47.13388045868506,4.814261491498307,-0.0365247998389
2014-03-06,10.01797292269061,48.7121320635329,2.7423637835600085,-2.9627561588001354
2014-03-07,16.96457326811047,51.37317423523687,-3.245633844310414,1.2572286391701353
2014-03-08,6.36389253694067,49.758248898043234,-1.2722479448327322,-0.635380513275998
2014-03-09,3.5397434778069687,54.31758062705745,-2.5273170260936646,1.3112683007808703
2014-03-10,-20.679132959318448,49.479057534282425,0.4783699780062101,2.0462677912481855
2014-03-11,-28.12301092989123,54.66697165964422,2.7056794323929716,6.014059927367388
2014-03-12,19.51735803166814,45.442996424584784,1.3965372480733034,6.3381109527818
2014-03-13,-2.6582157375662563,47.67137396654222,-4.673435768689437,-5.0194605124325555
2014-03-14,4.349197627326895,50.22267646706293,-1.8505894155866802,-2.2658631683206067
2014-03-15,5.457954520507572,49.887360323462495,1.6677274760340441,-0.5793091598749815
2014-03-16,-5.9375278452672315,52.82669950592886,2.9226020846806726,2.048405642646486
2014-03-17,-9.718107637554594,44.36567196161638,2.811281880422383,-3.9070052672445206
2014-03-18,3.0907594374522054,50.102129680473396,3.697394918692469,-4.376281786683295
2014-03-19,-1.6218553058052523,49.96340946910423,0.3035045807285635,2.027602542469141
2014-03-20,13.067767394273325,47.0850243996991,-0.06779232592852937,-0.8086887080904397
2014-03-21,4.548851267569237,45.80098836791577,-0.6818832000164741,1.0973541485414937
2014-03-22,-19.155756391042907,54.768154573666976,-5.48215101225817,5.17304584237097
2014-03-23,-9.849799239411013,49.03461866696936,1.618379281263629,1.2221274829972435
2014-03-24,-9.611340579910488,49.47721675023702,-4.4403640082047025,5.776248725170327
2014-03-25,1.4017705319209854,50.868011063835475,-2.2492956751811173,1.8283607631254557
2014-03-26,-2.946337851048212,52.900805926134005,-0.3859970258895051,5.077047582549571
2014-03-27,-6.1798766741004805,49.066003611568114,-3.4717708544260715,-1.9883515209563587
2014-03-28,-5.1489065202398425,51.62579040882473,-2.0945665242405553,-2.18699324659298
2014-03-29,-16.17530184412528,50.08389149615158,0.6510382170381211,-1.37613971735778
2014-03-30,-7.198899584667547,48.25143466971842,-3.9195321260786757,0.658962287292522
2014-03-31,0.3154804786879346,54.51603670714076,0.4176059424370472,-3.8052755759772783
2014-04-01,8.796893613815504,56.32108484200495,-1.982811802506609,-2.1133637947779054
2014-04-02,-0.7457313823716358,52.94634200400275,1.621565185912273,2.5253022553665008
2014-04-03,19.79394668374574,49.392322530037966,-0.27947470938429575,-0.6222436233272297
2014-04-04,9.35561741048857,57.27265618103061,-3.292786348850499,6.980841786996703
2014-04-05,-3.5145661136636406,49.62016282063825,-1.96741652979505,-1.5795912361154976
2014-04-06,9.977437967510115,45.30002396301802,1.3439805504182618,2.152966189772384
2014-04-07,16.570254126045963,46.77457108239326,2.9269141106519583,6.658141927775611
2014-04-08,-3.1075055263784233,49.24558060351477,-0.7933698195278178,2.3512170001428787
2014-04-09,18.637179924107713,49.85576729498582,-3.466228879187769,0.6981151422834555
2014-04-10,-4.626575842457253,48.02883147655355,0.22162745367912773,0.7992255337567981
2014-04-11,8.234013147064552,46.97367484722117,-0.4732851931745509,-4.863001157674169
2014-04-12,20.670565197534543,46.68304962632647,-4.840589686734659,0.5469635521678344
2014-04-13,-20.325190519228546,49.35433861364979,-0.22787366815433122,1.8274328424635187
2014-04-14,4.018290971752266,48.59205763349379,1.0128389149291084,5.578665790803935
2014-04-15,14.002686172233949,54.003600187157275,-2.107166791622256,-5.428713497074732
2014-04-16,23.132733687292376,48.795441631930366,-1.9039601182833543,2.2320029154696703
2014-04-17,20.95209331722551,51.03972262611393,-1.5016497531886168,2.086287265566239
2014-04-18,0.09242704447796246,52.170086181627006,2.4293251244325034,4.286079901588832
2014-04-19,7.052996127196437,48.51184591418574,3.8718818499421195,4.962188402232975
2014-04-20,-3.8382168653683877,49.780900856237764,-0.5783271912976575,2.2662673238278703
2014-04-21,24.582935036539155,51.38792237823492,4.000874240050875,2.6440435165088836
2014-04-22,8.493684429762284,45.58762865544327,-1.1019349378575418,-0.9453026424662287
2014-04-23,-7.621310696231937,46.758000450722776,1.3359797968571017,0.18382791896997075
2014-04-24,7.987455449343163,49.140502798957264,1.3793488970181051,1.7085980259854452
2014-04-25,0.023419683087690046,45.21210171155988,2.8178128875423836,2.8817303536796572
2014-04-26,12.27670329213935,50.25793586970214,-2.7765826636172743,2.3037633356401397
2014-04-27,0.22094116723895318,51.49490261316867,4.538613474326192,-2.350530419787564
2014-04-28,9.4940725347039,50.23292746898117,-0.21463213601783032,0.3229361241593588
2014-04-29,10.49217021413073,47.783747961450075,2.4175116853429905,3.509180368261448
2014-04-30,15.650252675349364,45.82258480359128,-5.276747195770184,3.315648505488711
2014-05-01,5.732189642050698,54.02711046159763,4.786356781708262,-1.9988969343508836
2014-05-02,11.151880565181457,49.74273849790255,-3.885717008782769,-3.264574018149979
2014-05-03,4.7506612677903,48.16885251828332,-3.470278014628658,-4.951089732604952
2014-05-04,3.2503148057208833,43.668187437930925,1.2627937424277855,-0.23078919760860717
2014-05-05,3.6155650269126327,48.74430001261827,-4.97579298165239,3.4142536772233782
2014-05-06,8.190609461157903,59.283759056677184,3.825834330343751,0.4410047130925361
2014-05-07,-3.998876436991935,51.049457543138764,0.8401057307725499,-0.7229184949716576
2014-05-08,-0.1536822043668975,46.60309907452927,-0.574752672843521,-0.5749425874309093
2014-05-09,11.649753666260256,48.887703079843,0.04511884949860632,2.432313749282043
2014-05-10,0.48156465506911594,47.94062176524329,-1.2255701927933433,1.872667812068473
2014-05-11,-1.2478851330035825,47.258435417091114,-1.39915360279875,2.0496175177152978
2014-05-12,14.88900614189644,52.32654511953436,3.2279511755997037,-0.5437294093924978
2014-05-13,-0.4051682261532825,49.08854341506426,2.3757618129661457,2.865176115604131
2014-05-14,-8.532584223609653,52.39165203508703,2.211912406571444,1.5079797509178166
2014-05-15,12.061411730367311,51.789604620152446,4.934943025376792,-1.2318385180709792
2014-05-16,0.739048388969727,51.77377161252456,-1.2087977494926465,0.18910316363072632
2014-05-17,-2.014170881281121,48.70252565985485,1.6646495369016152,0.6180806629791386
2014-05-18,0.060126635608147794,51.75462813295699,-0.6102699301963526,1.273665632800788
2014-05-19,0.5210431732785974,47.53061439806852,1.2993136748990046,2.9312682275646074
2014-05-20,5.843728353733442,52.83135168209968,2.3008875634271333,-0.6610106431711609
2014-05-21,3.932020235338962,49.52116771392067,-2.5763053210922173,-3.314391010531648
2014-05-22,-11.921916174635811,50.604370029212646,4.392824269420785,-8.16645935600719
2014-05-23,1.2463754526770723,53.12019919395855,4.182647245597949,5.33704778429783
2014-05-24,6.290976128939087,50.09446807584572,-6.1610768089774535,0.8462794361117478
2014-05-25,0.36881615275857715,50.820292113912515,-0.15849817901152755,-1.2403319729844786
2014-05-26,7.706269990685037,49.737286133227386,-5.095245152966267,-2.6766328642791457
2014-05-27,5.0362393329531,45.614735397628465,0.8442991270048774,2.0231645528789084
2014-05-28,13.259915726452778,50.32333451473379,6.551107505753365,6.866668829838611
2014-05-29,8.749705910724582,54.78681722046845,-2.2648369936210813,2.133016691648066
2014-05-30,5.249993237459929,46.649868835676244,-2.6313375736132945,2.213098203605837
2014-05-31,18.12282576972443,47.97337611143124,-3.6836809850398513,-2.6702257569767784
2014-06-01,13.297690949725617,44.27221347375702,2.8997923206008833,0.07955585730860815
2014-06-02,12.23469310586766,51.53603906683111,4.97395153564486,0.5492225265811905
2014-06-03,-7.485377433428443,53.67317620178697,-0.14768901763141215,1.0959468482351822
2014-06-04,-7.081401571862573,48.63906279415897,-3.321121686529391,1.2064374959442703
2014-06-05,3.7983404696834437,50.14272308095492,-0.7169445213346758,3.3873338727756885
2014-06-06,2.331968358453934,50.048075460879424,5.360019578162493,7.288758011362635
2014-06-07,6.319281994495908,46.308927366007026,3.501826849932547,5.201596741528276
2014-06-08,4.125667146312469,49.28543099040971,-1.5257144698260143,-2.6246387694969124
2014-06-09,-3.0556653609751834,51.78869048431113,-2.3159032296714805,2.128293348685494
2014-06-10,-3.5516919365786563,50.074422331220305,-4.2478345768584544,4.8162108051375805
2014-06-11,6.893970952248868,57.316580243334904,-0.05316429488349546,2.8030689764998735
2014-06-12,10.439199435365417,49.368512612083876,1.3083607202264411,5.710441462438883
2014-06-13,21.617601577515224,51.95579268036088,-4.756145493939565,-5.141840639608216
2014-06-14,-10.028350234338452,49.921572753840465,-4.045918111133208,9.081316598633164
2014-06-15,15.136039509953438,48.8442926720221,-3.757046764763448,-1.821029861078527
2014-06-16,-4.115327662793497,50.49120566553726,-4.440528566972758,2.2580916901841497
2014-06-17,8.948038000077213,50.66956492538095,4.379366703159572,1.4311851231220678
2014-06-18,22.674867826340204,54.85625680716071,7.671934412083454,3.695943612506276
2014-06-19,11.033680627208144,49.90007219927066,-4.582680692954053,-0.732044220460691
2014-06-20,-2.6602061868701963,54.75069486514133,2.165959782797674,2.2688511844792827
2014-06-21,3.0074528188233485,48.476877376671524,-3.4053878370341497,0.8612047178229275
2014-06-22,4.133151400017651,46.988219724877794,-2.5863424577348857,-2.038084409301323
2014-06-23,14.863246669338405,55.779708253720855,1.214933999357561,-3.7056529256471826
2014-06-24,-4.2704284068696285,49.95500617682458,1.2642690989400904,3.3548804237971237
2014-06-25,18.295266704347174,48.50036647246984,0.7212066048226108,-3.624513080170839
2014-06-26,-7.562263291972712,48.614203552083836,-0.09459798578753498,-1.6632284472826413
2014-06-27,10.012808715609532,53.00433211711574,-6.40932850194083,0.506020848434321
2014-06-28,-11.38827335045309,56.991171363293795,-2.16707914223554,-3.246653765483644
2014-06-29,4.672494142033457,51.706306916303,4.1221065638555405,-1.131593412224709
2014-06-30,23.22257962750449,46.99073492656709,0.860221533265106,3.5265084511115408
2014-07-01,-10.78090002994379,45.02187114555733,2.8724009285765755,6.054908246545931
2014-07-02,12.54038172418893,50.780155169786894,3.677354070128202,0.058412300412610696
2014-07-03,10.733084307200079,46.25287292344058,-3.41984892802099,4.684087210488575
2014-07-04,6.352537686208013,50.20856703654977,3.625973723974779,-0.7672512767821313
2014-07-05,-10.217710451041844,46.32502565599373,0.08591248691712365,1.8047718954880665
2014-07-06,27.21295919449102,46.48654469816433,-1.02870525287659,-3.1594884380525725
2014-07-07,-3.8589193607821635,49.25655352484567,2.7385438307575205,-1.6355089638907416
2014-07-08,-3.852321265706923,52.229465777787084,0.46932453197248386,-2.036970091606922
2014-07-09,6.627399462004183,48.39465718568987,-5.799782304341667,3.178404923102625
2014-07-10,19.23529611597753,48.20119354153994,0.6001329504356154,-0.34025621977965725
2014-07-11,-5.018986867529611,48.396850320577805,-0.850385291795799,3.8584466373737816
2014-07-12,-2.268202391702978,48.55587167865574,0.5491082139052117,0.1899307291203225
2014-07-13,1.5063589038249905,50.94624773576123,1.7475075147707364,-2.2699906739526226
2014-07-14,12.365390041845187,57.565796187557964,-2.3846153835507753,5.702433783132161
2014-07-15,24.76971823398521,45.72389839526575,2.67556457851233,-2.0005001769024204
2014-07-16,14.448114388889362,45.8671297342303,6.194471936746703,-5.046779649529755
2014-07-17,15.152734508014644,56.084728096443975,5.3449059282601254,-1.7080686307594721
2014-07-18,-3.3956569619994887,51.89047066832077,1.8410109736601423,-1.3448846099978553
2014-07-19,13.001257718646377,46.053768988924055,0.8744138840632304,0.3659914542124696
2014-07-20,2.2302514124591815,50.20820053636647,1.6785205277044553,6.52018654186495
2014-07-21,9.92407166458447,51.80751760971479,1.7661596327998927,-1.798606280407569
2014-07-22,15.148611409763845,46.336166740564025,5.333424974825542,-1.8796919602774338
2014-07-23,3.1651353061364205,54.9685320659719,5.274784627187296,-0.8252545115563956
2014-07-24,14.277300502939536,49.64277228858705,-0.561500027385611,-3.1449115141709783
2014-07-25,2.222159789538432,51.531926918721304,5.046287587731221,-0.0870012760695329
2014-07-26,-5.12091444121168,48.371230254072785,-0.8225477475417647,-2.707313142274791
2014-07-27,9.721728089275363,47.879463305179065,-0.8585652109505278,1.6505004430313082
2014-07-28,2.2877482802882163,51.87702148396317,-1.0757057206935574,4.589219426204127
2014-07-29,13.27499214194538,48.33566420928255,-7.546280277421538,-0.7393227094896597
2014-07-30,11.085768859051605,52.73889175317018,-2.4244169599091494,0.9735729987254267
2014-07-31,-9.113736198294102,50.23336908092133,-4.437518459117306,2.300615127219384
2014-08-01,-8.08344767667788,53.75919126969583,0.9823543744472415,0.36998285561371524
2014-08-02,-9.404757983830066,47.52960486379168,-0.7590445223461606,-1.6672175700878689
2014-08-03,-21.081311910701697,48.51426054737104,1.373270424545722,0.554072010738641
2014-08-04,4.924068619931771,50.183966141417486,-2.0057820088710034,2.870333030246891
2014-08-05,-3.1506324028645523,50.91853345847659,-1.525241263031563,3.335239663739324
2014-08-06,-5.38166607678907,51.48312602064971,1.3156507237918595,-1.4911930832853644
2014-08-07,11.405034347917297,55.93736354691533,5.3719941057015514,6.088660491191865
2014-08-08,16.53738391981967,48.2817088924448,7.6748634435730745,-1.1976070870600806
2014-08-09,8.600408641533631,51.8384651765437,-1.8956751572095736,2.9605709530764495
2014-08-10,7.298631762742514,49.69518569581594,1.182979360016407,3.249332201177878
2014-08-11,-17.30368518118614,54.95023117475918,0.2567298815641167,-1.2496132396944564
2014-08-12,6.977234935524689,56.3265569503263,2.82737231932377,-1.3073217054329653
2014-08-13,-5.515285256630511,52.214815773421755,0.6612883925294754,-2.819561362397046
2014-08-14,-13.00167686467731,47.67407250367915,-1.1648084625604171,6.088752197813248
2014-08-15,0.7891036680816663,42.19956236069645,-1.1030471023975617,-0.6117860365058474
2014-08-16,-5.095191417873991,45.932339384421184,-1.3803647881627539,-1.8580617795753347
2014-08-17,-0.5914257757073056,46.01920028850622,3.6551171728194136,-4.645508465904747
2014-08-18,3.9249985144984647,47.526017957745,-1.8658991940340868,-0.2415074365240728
2014-08-19,-2.0373722753778525,47.76403187067111,0.9376782750059411,2.505122457239055
2014-08-20,14.770434636543449,57.658906714329376,-6.32049751304824,-2.8951048177740044
2014-08-21,3.6568932993894605,48.83652964992883,-2.4790273140062666,0.7178459881369579
2014-08-22,-9.467895086258961,52.61750338682226,1.050904837984416,1.1996590334209543
2014-08-23,16.391763952216415,46.819726905395726,1.848786767480581,-0.7269384237625811
2014-08-24,13.36800056106202,46.991518623681436,3.7740408871676205,4.609938534050534
2014-08-25,3.732895474159856,51.81915431675854,-0.9976523731489615,-1.8824269289575506
2014-08-26,-3.616391957652036,49.08046078143788,5.115379482196037,-1.9137407052942144
2014-08-27,4.988993411625993,51.131906984268724,2.522687515968138,1.1651393865902808
2014-08-28,-7.866582771929815,52.89413939545982,0.8569786631428364,-1.7756990341333285
2014-08-29,4.297138204908806,49.67925022770159,1.9316509553545385,-3.430001051227327
2014-08-30,10.263258133173878,54.95970507177407,-1.209635129298594,0.27188031220513487
2014-08-31,12.463091412440892,50.92891058833359,2.1626660172012904,1.7723296500982086
2014-09-01,-9.82768640865788,49.226201028935456,2.7750318136305197,-0.1808262578713853
2014-09-02,-5.67623865226842,48.66628623979781,0.7490925064658829,-1.4146246789475425
2014-09-03,-4.275349756876912,53.31066599189978,2.807761132529312,-1.2252786487573224
2014-09-04,6.315081516268295,47.929914819522324,-4.4048672998850815,3.8363278589866487
2014-09-05,-2.5250080146134337,52.8139094552654,-1.8509740040304905,1.5604650635935426
2014-09-06,-14.855783159955436,48.06627138507003,1.1326110883188467,-0.0315609661028442
2014-09-07,8.9994764346972,45.624163209656245,2.559224927284716,-1.8227420321033385
2014-09-08,3.044778648033249,46.65278334928714,1.7233435936964008,-3.9794174081942364
2014-09-09,7.958715513285596,49.48561586132676,4.377228640594334,-0.5567961184561554
2014-09-10,-6.314796407850778,46.400243486568996,5.682358296811333,1.7822559908994116
2014-09-11,14.550396627717921,50.900227741265155,-5.809781233794557,-0.48689340521757263
2014-09-12,11.054207111593861,49.123306347953964,-2.48813190641696,2.1037982133936812
2014-09-13,-2.3319888447587944,54.115003939736695,1.1383796678112945,-0.29370917372886507
2014-09-14,-8.630962872194225,54.852182144851454,0.6560295193432573,-1.136370882722388
2014-09-15,13.500268956657267,47.942427254468654,-0.6191620139315687,-3.8852212701429645
2014-09-16,15.39285438896923,51.36154663659827,-5.9677165098798275,1.1534716653659096
2014-09-17,0.9655955217668879,47.836020813093015,0.10412142385611531,3.4797216411230925
2014-09-18,-2.4229600342993907,51.644119832416585,4.053324943398948,-3.9162500039840804
2014-09-19,9.992052837006575,50.347235359282514,2.127171491279518,4.905400148937273
2014-09-20,13.758308135899354,47.37474330339733,-5.023912489984356,3.6960163216921615
2014-09-21,15.8188701869954,54.66670755192575,-2.762526977708898,1.580171436669973
2014-09-22,3.8333595262008124,49.77082852280593,2.338609460205438,0.09728415555930137
2014-09-23,11.554648821192181,52.67814122794205,1.8630217114526704,-1.7134911807607693
2014-09-24,-0.7721785080215993,51.67673945193005,-0.6025050781368735,-0.7088359000443818
2014-09-25,9.968589062830429,49.43316241906179,-1.4357195729403787,1.9755089007683442
2014-09-26,7.018792626905858,52.31586678275274,-0.7729537563154101,-1.3222975696748072
2014-09-27,-9.194677777096006,46.88024991273698,-2.730590509410308,0.41282761803069634
2014-09-28,5.014832569123858,50.5584216977117,1.4597917431942646,-0.7206248052096094
2014-09-29,-10.35036990424478,52.117825249818395,3.1705821113606545,-1.9965468259659978
2014-09-30,5.163361032256395,49.607280498983826,2.2223304207129737,-0.18789154066488023
2014-10-01,-3.9861138957684314,50.89768816628254,-0.4903530675471417,3.8202271021454353
2014-10-02,14.290542818465404,46.96093587653877,3.9254180889714267,3.6529211674924884
2014-10-03,4.831481309116188,47.99516521183193,-0.4588207909652663,-1.3837133541597102
2014-10-04,-8.674742029772904,46.091596840718566,3.307041031186015,4.448761107562236
2014-10-05,-0.5061998512824859,49.061781456729705,1.899923774515167,2.073636876037029
2014-10-06,2.6958534183468417,46.350413293501106,1.6271567697911489,-0.07940859700036396
2014-10-07,4.110652167406486,49.5085737998215,-2.76220919249205,0.3138513829449031
2014-10-08,0.5509659752001097,49.79121212438191,1.1487913257210696,-2.397398772176026
2014-10-09,24.853864107341042,49.96257815265384,-2.518662772193469,-0.06644914409736558
2014-10-10,5.447362022437698,48.625728292464764,0.0663076664931533,3.095270034114412
2014-10-11,7.623485085517512,51.044311872811306,-0.33945981421268767,6.077823010706117
2014-10-12,3.373822616941923,49.84703163488489,3.3197880548518888,2.946468587248033
2014-10-13,11.878692096019645,51.64456721987046,1.3985979817951997,1.7141318451122463
2014-10-14,-17.683112869457254,47.688496756314066,2.623841792008014,8.50031051265864
2014-10-15,22.921252508982967,47.09294116774497,-0.8511733761260312,-0.53458933692398
2014-10-16,15.733134137340734,48.82518598933839,4.745732939781851,7.821804777019009
2014-10-17,-0.8891965393868615,43.50953738274309,-2.2159699305076894,1.757105083050508
2014-10-18,17.43540357512804,51.774805394742764,1.048419053950205,-1.6133161427824456
2014-10-19,-5.684568108569607,47.49844715698559,-1.8992069093040702,1.8462651744018148
2014-10-20,4.191823069627821,51.74218731688665,1.7772544663359278,0.44085087075391616
2014-10-21,-4.849431128529702,44.17128805552685,-1.8367507186785357,1.008302327384336
2014-10-22,19.722283778178323,50.285933293072254,-4.5377250816821135,-1.8959463743504457
2014-10-23,-5.0050263616521935,50.01238282447516,-2.4085185676285796,-2.0996062252032672
2014-10-24,30.32326329498977,46.923780569792704,-5.265209346861378,-1.2640854851744159
2014-10-25,9.626075439409078,51.32905799231419,4.734893806657992,3.5298318462653198
2014-10-26,11.703168565699084,51.61679582472186,1.5965837565417504,3.366507492730752
2014-10-27,6.86198908713408,53.75554886493891,-4.96683414953795,2.041994096249777
2014-10-28,-0.04668180681456224,49.408864599170876,3.6710406239613023,-1.957291138661014
2014-10-29,-2.920290831591955,54.521093211110625,-0.12791288418135116,-1.2938360817506513
2014-10-30,16.70974651075842,55.6996151871264,1.8835392635215533,-3.0486244500428814
2014-10-31,6.665777632491554,44.31089382316823,1.3018173634570198,-0.8112634138583528
2014-11-01,6.168825139178326,42.67789409493148,2.4174699227262835,2.412543113919538
2014-11-02,12.75931059880311,48.92710193656946,8.693720756709574,1.1337606703894851
2014-11-03,17.551663564162865,47.70540649990363,-0.5287230542598098,-0.7167481413842052
2014-11-04,5.937654737764722,46.68382609158732,-0.8295389250525451,-1.2732015284273617
2014-11-05,0.4739313908116234,47.68543276368321,-7.0788812337285165,0.5825767351050368
2014-11-06,10.267362335535282,47.55738081598691,0.14353389905908454,4.03992197504139
2014-11-07,13.649171894573739,49.78388601687328,5.440255903532963,7.146977329179917
2014-11-08,12.403931605074472,49.19303291476584,0.4821346583435452,1.1691306826541485
2014-11-09,2.269545179627999,50.786612407158024,-2.6493415256111192,-1.0590254110894883
2014-11-10,11.627050055303712,48.87835786189401,0.0706968172681089,3.0089179141962954
2014-11-11,7.916884041296338,49.82420259787011,7.275230139216655,4.786901392155143
2014-11-12,18.426358309251576,52.363846919542304,-1.9876821671448246,6.003198348759733
2014-11-13,22.18906465318438,50.621233002700315,0.6588340957563628,-1.6325085345472958
2014-11-14,4.6577626397998335,52.64476625748607,-1.8042621609919718,8.06215131600904
2014-11-15,7.186590063483091,49.984969022202904,4.5741472827547245,3.0136769000663937
2014-11-16,0.17382371254838969,52.34400315701063,-4.3736542375208805,1.9068969316919737
2014-11-17,12.67698844144353,52.62209184255204,-2.4815539743467934,-2.4295868388804562
2014-11-18,3.858332019519377,54.401832877200235,-2.7024198062963305,-1.0246604024644714
2014-11-19,11.724444834564503,51.12103361433073,2.1308731730602606,1.479355221952556
2014-11-20,1.8466079963118185,53.54110392963011,-0.10322843248722532,6.826763624688175
2014-11-21,-0.8738781823135326,46.134968391811384,-4.306563274794653,1.0765648256621911
2014-11-22,-19.987405812488163,47.159156334943404,0.22815627330995245,-1.9903450870724444
2014-11-23,19.62117355924224,47.28770841596415,-4.690102946450933,1.3788258777705995
2014-11-24,-2.647973139674866,49.391246929562236,-1.4390282026492116,3.2203201281878373
2014-11-25,1.8544964208757513,49.57396628996139,0.7388548798429077,3.100802228292199
2014-11-26,13.558691046021838,51.330193077536336,4.098214196903138,0.42088661447923414
2014-11-27,10.770979574548534,50.57580389122116,-1.0784368235089081,0.8876593809625488
2014-11-28,23.661665226196384,47.935356708015966,6.419776083840393,1.056072833889874
2014-11-29,29.117913226214807,47.09101837818595,-0.7051316908413103,-0.08045357974806766
2014-11-30,-2.6115906898396615,46.86922195805935,-5.199158835115783,0.6298850519112829
2014-12-01,0.8198552863380186,46.65672370418854,0.5122479862189021,-3.273252287745433
2014-12-02,18.33405099982683,48.294678282982794,-1.9787447111297918,1.7615553894805023
2014-12-03,-10.86925342699396,48.09744410337249,4.919927991880925,-2.324106444496163
2014-12-04,-7.556116091467349,50.39726570611003,0.9155459842358866,1.107245235074037
2014-12-05,7.787839465714677,60.54659413597894,0.2436834310828812,2.6837952763985395
2014-12-06,6.847297410906906,52.37455506907847,2.8582302813876455,3.045747224254037
2014-12-07,6.385882822459751,49.050399223955985,-5.503344398465057,-2.9594860358459893
2014-12-08,19.292391847519195,51.05036731054066,2.554388881345118,-3.4361908350291825
2014-12-09,8.039152044070573,49.59179726667754,1.9248334818644355,5.608484864951991
2014-12-10,10.152395649118521,49.93050848738192,0.18799695009129447,3.933464540175638
2014-12-11,-10.55224719533707,53.16957520489885,3.9477267630235966,-0.5752547739538247
2014-12-12,13.116159591720688,51.589986415680535,4.038339673078565,2.8858496398481734
2014-12-13,12.808428395506763,54.59790463471131,1.6893506139045575,6.9847392070993735
2014-12-14,6.5960530185071065,47.90113085566267,-1.2015147537110034,-2.8248305869366854
2014-12-15,16.144999424221275,51.34120300949665,-1.3638095502233616,2.8492222806697085
2014-12-16,20.3835006543185,52.97391688061528,-4.896837988564782,0.36175431058701923
2014-12-17,6.873468328889175,44.950976254053025,1.9081880734385264,-1.3661349635339053
2014-12-18,15.231982951682905,52.355301249065555,-1.0976725714269007,4.210113975734331
2014-12-19,9.463898270339064,52.892973253964506,-0.13072000583470939,5.289147326298891
2014-12-20,-0.8881855593998793,48.771693774232624,0.7555272012052519,0.32641093032785495
2014-12-21,-5.250448325067886,52.059259272542995,3.3360993835528623,-1.261396325303946
2014-12-22,6.176316883834174,52.09089080038274,2.888764265564049,1.2366629030335659
2014-12-23,-0.8478766726204148,43.81906885910312,-5.610877243427101,3.5679179216869614
2014-12-24,-8.187872661046189,48.68162914744835,3.8475152459850275,6.709589825920368
2014-12-25,10.529790875339332,45.274253596048354,3.42627716300603,0.9143962508166292
2014-12-26,-0.10683888293025134,49.840121405285885,-1.3227107481505174,5.613950367271338
2014-12-27,-19.528379760221558,50.90510730014822,-0.7258075714656136,1.522349118542311
2014-12-28,14.192577070765068,48.17969599070884,-1.7147255345040135,-0.02521917030709475
2014-12-29,18.140365001752357,52.0485349693049,-0.21903602183113224,1.7275736507125123
2014-12-30,5.606333438562784,51.446946570043096,2.9183981011042635,4.257677319863996
2014-12-31,6.254463004554014,46.81264814530614,3.4370576670075956,-0.6289793173866858
2015-01-01,2.273596345868148,51.36539335369331,3.181993262510403,2.996814411075832
2015-01-02,7.914138105873421,48.77104080013823,0.5946017911035844,-2.809491962130992
2015-01-03,-3.4944474045998746,53.476912060419785,1.8567781033472532,2.2028172433888686
2015-01-04,-6.904449109545519,49.71537743683355,-0.8625047853102134,0.0010150753136664026
2015-01-05,5.692358478077406,49.20988193264453,-2.4014108589560963,6.335221062367773
2015-01-06,7.1200623372128735,46.85224754946203,0.8174382531268378,5.191171707940491
2015-01-07,-2.2366798169394198,52.859195409414006,-0.7379835311877837,1.431160590098714
2015-01-08,15.901721156244502,51.93275010205821,-1.780043434006005,1.918799505255587
2015-01-09,6.384704495653034,49.21957833067347,-5.354913628002984,-2.639144963148965
2015-01-10,2.563043298665921,49.684180901506025,-1.949613788880097,-1.710688044823799
2015-01-11,11.947837754938158,54.69287154891293,-0.12754830166803066,-1.6177088060087712
2015-01-12,3.430765995329955,49.36123428973622,4.471139725234367,1.5436616408451216
2015-01-13,-9.158870949217025,49.99577883536091,3.281051544475125,0.9942620630729817
2015-01-14,-3.9211454740037457,48.39473888724881,4.4241301629726975,-2.865060556267208
2015-01-15,-12.390424336211488,47.42623458325582,-0.4527719849564519,3.998566095410707
2015-01-16,20.99275654311874,49.626025709938624,-4.344994393122908,4.9960538668542664
2015-01-17,0.3368982461119785,51.63950919621134,-2.4853132513620846,2.280390330477543
2015-01-18,18.542614930278,52.71142141188914,2.2356429720354347,2.5996004617636026
2015-01-19,24.721493006883254,52.16855595951319,1.8547896394998573,7.474511635091927
2015-01-20,-11.392687951011666,50.43819455168023,0.5772008415315877,-3.973266469306232
2015-01-21,14.465983048262082,52.53731380630265,-0.9223526045638829,1.2925283613246075
2015-01-22,3.089417797246303,53.48296577642823,-9.247975705146587,-1.7339082541092505
2015-01-23,17.624972064582202,51.2022462238993,5.612129109546192,3.8794113763064564
2015-01-24,21.678480661024896,50.41734439603342,0.9234857829099776,-7.010049106007633
2015-01-25,15.783352177647128,53.2431846535776,-0.2930851654672223,4.504499358957549
2015-01-26,6.549761420371929,49.235147990912786,1.602778107289295,1.3517681346256636
2015-01-27,19.685231061914365,46.54966282147511,3.2380511295566157,-0.45655009786104195
2015-01-28,6.247599945312913,52.80544209665157,-1.6510300643621187,6.740877859767524
2015-01-29,-7.38504862103402,49.68290070610818,-1.090530420502067,2.8107003466598113
2015-01-30,2.9211994539141766,50.99796221192483,1.6047456591482847,-1.351265984928527
2015-01-31,-1.3500409739946884,46.277439735760765,-0.5139419993991401,7.647781698536649
2015-02-01,15.549054020463025,45.7684168930906,-0.25567722296403395,4.850980568047138
2015-02-02,-5.958449382107592,47.479134643459915,2.422905452544703,-2.667932178181151
2015-02-03,1.136260588006246,49.40269299851417,-1.9865922616613543,0.032271086101120394
2015-02-04,7.233781042808565,49.24379385456826,-0.1877808221333303,-3.412249574395945
2015-02-05,-13.453451284782279,49.24267578433714,-4.60799983826514,1.5397321616275512
2015-02-06,4.420728986744743,54.89839165215849,2.3746205435393133,-1.4371387826159259
2015-02-07,10.161140222205375,50.33645007757894,1.3491352303492197,0.8796195682590541
2015-02-08,5.551152661235758,48.82790437369722,-2.2261250625634266,2.2665340581854387
2015-02-09,-5.050738760162368,50.02085546366074,-2.9094635616672804,3.2226471987051255
2015-02-10,-4.221225460369967,51.246565261914014,0.4626802980890898,-0.2946845953533066
2015-02-11,3.3731504030490735,50.5555468996672,-3.4404000366632626,0.9933265377994579
2015-02-12,-4.52028660154477,54.09642690877827,-0.38916073671751605,-0.15819488627839928
2015-02-13,-4.51917659038476,54.79873843287959,-3.8976139966896723,2.5811208284838507
2015-02-14,-8.684111201682256,50.645325884227084,-4.788956229771114,2.322809276867392
2015-02-15,11.82558779110683,50.46832806314126,1.678498634494844,3.069746614168465
2015-02-16,3.5809031710904775,51.62079303586525,-0.47998952629738256,3.4353655542529458
2015-02-17,16.917149094528845,51.77752280284682,3.9078253238403304,-0.35275908378257337
2015-02-18,-23.812108719606556,49.23414506440703,-2.0977203358442065,0.1099049514346766
2015-02-19,8.479919859502406,51.04722886202431,0.3117696050838668,-1.1899662484071563
2015-02-20,2.685288839402985,47.02011885338276,1.8327788291933533,2.3428260544996697
2015-02-21,-18.909782871122808,44.48306218391389,1.4924535743863458,-3.6832156938203706
2015-02-22,14.114875117950131,52.48484144421054,-1.2042451356418364,-3.933000847151664
2015-02-23,-0.03519086626588841,53.17104847279056,3.323034687689296,1.8487324765084274
2015-02-24,10.94939195223862,50.12355833866767,2.6867055326712763,8.739077954930405
2015-02-25,15.761848671702177,52.63043994145937,1.8434800424018216,1.2623688058499034
2015-02-26,-4.07523706843882,50.911279495471845,-0.9407470400174731,0.20884175863114285
2015-02-27,4.3832168844285135,46.271650778558964,0.455965220739342,1.4637638007545033
2015-02-28,6.324432501640124,58.3161632338803,-1.1090873351153345,-1.2036653297005273
2015-03-01,-10.301389330436184,43.73104707675549,-0.5157266325492675,1.4974588634900619
2015-03-02,8.39282429459114,49.80736921283162,-6.256274609200453,2.973744126918791
2015-03-03,-4.13108224915158,52.108321487196974,0.3900066181176087,0.542308130962505
2015-03-04,-7.222571230578545,49.36519149603306,-0.19949270622801168,5.810114304937512
2015-03-05,-6.26710231056836,50.91556111019298,2.2521053593301037,2.204288397941708
2015-03-06,9.836543749474291,54.947938437292954,-4.555990497185652,2.8642114716990714
2015-03-07,-5.4972816376715254,47.79589083255428,-0.004082360150057375,-5.6902217851693315
2015-03-08,0.9272768653415007,45.16191961325975,3.4074970096263204,0.052189363665333666
2015-03-09,-18.353830430154833,52.74088074559846,-4.62274757568796,2.7715244845439173
2015-03-10,2.885144171980376,51.76016770586974,1.683551269356859,2.8260580249526335
2015-03-11,3.4591788517535287,48.998825455616235,2.303436517331307,-2.7104663726149063
2015-03-12,8.83431603737788,50.47693789604188,-3.8644303952723362,2.453898461463647
2015-03-13,-0.5640745130739466,44.40801529972158,1.969630351922595,-4.1413432014522265
2015-03-14,-1.8163268589248656,53.548019101630906,1.2745249952247697,-2.3201627065284383
2015-03-15,17.121695110019765,50.78221317708262,1.7198415050361695,-2.864894374977726
2015-03-16,15.517528385674044,48.01516703574641,-5.712269137791274,3.282962354365723
2015-03-17,11.673002163207165,50.53227390621085,1.8995453387124472,1.7435181931259984
2015-03-18,12.875230630439821,50.177806455302765,1.411513365557338,0.6927399599065214
2015-03-19,3.209734130651484,49.018670913422405,0.4754291166079874,0.04956315811605361
2015-03-20,13.689833383245803,51.45510071135808,1.3875361244004232,-3.0760537555289797
2015-03-21,10.07983732883106,48.6796514251611,-1.4648663311700136,-5.258525360731657
2015-03-22,-2.311078842134066,48.62537670355291,-0.30578524022217063,4.189877960306185
2015-03-23,10.30286132569525,48.96655843822455,-0.14785972354568022,1.1500676187598868
2015-03-24,-10.12012667442519,47.330926930666216,3.4683853595541656,-0.744210569666043
2015-03-25,27.46319117616767,47.73573387719877,4.05852321362412,-3.2762666812897674
2015-03-26,25.865062826699376,50.181788281879086,-1.1429934291429806,10.98979128324173
2015-03-27,6.525424496240864,52.23040717017121,-3.213257441404619,5.662552413713159
2015-03-28,8.844266704586365,48.53202768473589,-1.3843997335173626,3.652400418084894
2015-03-29,-15.601316796266222,49.39305093967164,1.406187245709468,0.8316505939092128
2015-03-30,3.0499198622789274,50.86655705967401,-1.972970800502181,-4.25381434647263
2015-03-31,-1.7469623276003956,49.26440128029392,-1.429944293648326,2.979831305469723
2015-04-01,16.596848657014238,51.05291381750479,-4.1482078604952,1.094969596967168
2015-04-02,5.813539531087642,52.11777829183748,4.253156352165962,-1.240942747442011
2015-04-03,14.132764884485344,53.277895380267495,-1.942751523388323,7.293864834816031
2015-04-04,5.159709554311873,46.541326646536746,-1.190295677081908,3.3374782775591
2015-04-05,-8.251375334319217,46.90003901863209,4.6195760765678155,0.6449976350197493
2015-04-06,1.6799484620586682,50.02548869310617,4.919583807565249,1.0688327390219687
2015-04-07,10.901698534498966,49.51069659911848,1.8146431654068413,0.8581725478906673
2015-04-08,-7.986163815585121,50.54044204773974,-1.9823371689626672,5.160693714505849
2015-04-09,8.33139859271143,51.074076478375844,2.0382929332128126,0.20541810061858512
2015-04-10,31.918503703063944,53.8848999753793,-0.9189578696128338,0.18020053077081055
2015-04-11,-3.4890450749649276,50.944512862785295,-0.8799566713445871,2.674403297317765
2015-04-12,8.41811974046923,52.10240921396778,-3.4324676887490075,1.3955688110229307
2015-04-13,-4.870537902639798,48.41365697082503,2.910461310852392,-1.0147320148775085
2015-04-14,8.506513949967157,54.444423249936555,1.8060227274730651,-4.526343124794826
2015-04-15,-0.346548845071764,48.333317082528716,1.8402029974300154,3.349097475564771
2015-04-16,6.032201773639875,49.21569192176317,3.188197390192383,-1.0227222415413229
2015-04-17,14.919892797321776,44.02442914638204,-1.9580948757807124,0.4809762513122673
2015-04-18,14.396623919578392,55.56683527224846,1.623722768866488,1.3289400670725071
2015-04-19,6.947862925299322,51.40886561202804,-0.8175757676877851,4.197489035415422
2015-04-20,7.489646209591358,45.64539636592147,3.5667930450041396,-1.2582446558272178
2015-04-21,9.477946459215724,53.020379892864874,4.614957846631393,-3.3027133007317833
2015-04-22,2.84602991854537,52.17520871394338,-0.1652916384642373,1.3423059460122084
2015-04-23,19.016456789964657,50.56068976860693,3.7989623455116837,-4.769404686653417
2015-04-24,3.6166582074841216,51.49683283592531,-2.0969218792812727,1.5179635258602981
2015-04-25,-2.762869212340185,52.83382835965072,0.8384716153934682,5.679147419663432
2015-04-26,-6.291987495724156,50.79244574339627,-4.2065009845194306,1.440420456512146
2015-04-27,-3.093602688851389,49.3626632481588,3.1287219632233065,-3.956354413917344
2015-04-28,15.882714484729057,50.41766673901352,2.9430638320767155,-3.147403407741688
2015-04-29,3.8098454823256493,47.310738022427046,-2.77404520263586,3.023693282245122
2015-04-30,-2.151012674776265,49.116818952648835,0.019212763363738214,-4.56592980456567
2015-05-01,18.440673878439107,48.25184531688567,3.529060901599492,4.519757478635512
2015-05-02,16.27298128596933,52.62281161217431,-0.32742046846061945,3.9211038411635037
2015-05-03,-5.905011685937611,49.935857861497,2.336027379243099,1.637824087148969
2015-05-04,11.476245452723965,45.71413295531993,-0.18255022094685341,5.57952121577674
2015-05-05,-10.414545758389721,50.83821275697151,4.1850307258328945,1.4082941877759216
2015-05-06,5.189160524885951,50.91095532187295,-2.5633488415988306,-2.626599760345883
2015-05-07,-2.428055691652835,53.505056608247095,0.41293134150851496,2.215025389049284
2015-05-08,-13.871251411862335,46.074862007834966,-1.7303844710379033,-2.1320678634111916
2015-05-09,11.072934053951457,51.92228553331644,-0.6276638791690351,2.818522517561002
2015-05-10,5.862576421111498,47.133853240039194,-1.490739304636223,0.6833500454465836
2015-05-11,6.233071679281802,51.01293671562938,-2.7571822264714725,-4.757030845040549
2015-05-12,10.212730328237946,50.98421544019037,-3.5008417590868026,5.253627511984637
2015-05-13,23.423126540554225,52.170497979196014,-3.1945956033341965,1.0028785204856936
2015-05-14,7.301666301634528,51.467722149251365,-0.05356471281104406,5.0423068396102435
2015-05-15,9.97903603566561,48.702707829911596,3.2567774425222797,6.680421378437993
2015-05-16,-17.306961971954653,49.056195809809964,-4.914581307523312,7.158103791138453
2015-05-17,-3.927703917871167,49.643615407399594,-3.6687763157069764,-4.091931967484476
2015-05-18,-1.3439323345440721,50.571993038599935,-1.1024506507103347,4.027701138881912
2015-05-19,0.9052926982657059,49.931270856870384,-0.2898489719199742,8.057076999317676
2015-05-20,-6.631092132587742,49.75817664153847,0.6338927123582764,5.617412228296779
2015-05-21,18.472142285788415,49.60443093303463,-1.1357423426925046,-1.0268212504061562
2015-05-22,22.663297611432974,45.22146240556952,0.937549910544375,5.322834973627919
2015-05-23,-14.698295057974594,50.6144908364779,2.174433716299852,0.8933618864769537
2015-05-24,-1.4585916243768118,52.527021223338735,-7.395182112179583,4.321008237256647
2015-05-25,14.76799829607668,49.188370246148345,-2.267294634244802,-5.922652747420169
2015-05-26,14.780110174255729,53.00789779445095,-2.6581427151661896,4.255368441821858
2015-05-27,-5.681715336095312,53.54001677329798,-3.737778315597625,2.900148600508648
2015-05-28,17.282104163109018,48.481833093324866,3.5372776867227675,-1.472725557897101
2015-05-29,3.55861240959186,50.364776058547875,1.2350781093239904,2.964615669151269
2015-05-30,-11.877567364552878,50.2184515538531,-5.675428253393456,6.104141168833976
2015-05-31,1.1935526673477037,46.38836437499887,5.728504998659064,4.063830756301158
2015-06-01,1.0094644268625586,51.684817372225446,3.4573790288918014,4.68631987322483
2015-06-02,25.588712813837887,50.67299231528605,-3.413183690957029,2.0250930315863673
2015-06-03,20.1677336955238,51.87060215686268,4.958795948315851,4.072791969195775
2015-06-04,-6.373698955705196,47.45929681794016,5.22092097856015,0.7104425867995636
2015-06-05,10.75595428122523,50.74971370767909,2.6320618101658435,-1.2904764789487904
2015-06-06,-2.689454336018641,51.17586570136988,-0.4485758863089103,-2.6261487581841116
2015-06-07,13.59562366060219,48.49057505373454,0.9275103999749899,1.6589347333549613
2015-06-08,7.457696820569161,52.9643643000954,2.6681539547202426,4.197674683170979
2015-06-09,-0.6223253854581499,48.67461123993411,3.4776132023226953,1.7074664035600806
2015-06-10,14.851458823595848,48.09475261545754,0.2790509407285181,2.976648347168338
2015-06-11,0.01726031492488378,48.11949136204166,0.1033532181259835,-1.1457019553044736
2015-06-12,11.445996560946693,51.63041742890949,3.351819432065878,-1.0490859206259002
2015-06-13,11.202747275298206,51.19414740711144,-4.279868141458665,5.652502851751489
2015-06-14,18.554978869019546,50.03705312813215,-3.0165862943490804,-3.9905054713247914
2015-06-15,13.475120750389713,55.031381597248036,-3.3766581639410225,5.114739830294375
2015-06-16,17.040269291912054,50.78179241154661,3.064383000964102,5.572115803062265
2015-06-17,23.759444358262456,50.19365468780649,1.952214049264003,-1.086779753508774
2015-06-18,-13.637837610566795,45.8249233716723,0.5548506406304812,0.6883101534906886
2015-06-19,-13.268061378585713,49.540316959048354,1.891650766340649,1.9586991841156811
2015-06-20,5.23003417170458,51.822018885619954,0.12360479850455461,1.1393601351731184
2015-06-21,5.559023615708808,48.149199812977976,-0.7284054923047175,1.681937867156325
2015-06-22,-1.6130003526876138,50.793096240978336,-4.150565609624761,-0.4532283615351873
2015-06-23,1.8932878660421295,49.041738704458254,2.1731789833570647,-0.46927294963650423
2015-06-24,4.587837410460698,46.754218829177816,-2.7468023216761988,2.098738247854274
2015-06-25,10.369635129911469,52.52902329537311,-0.6585638801136069,-5.916658439628385
2015-06-26,16.307402603565738,51.50193064028121,-4.675222877539728,-1.1245569034944372
2015-06-27,6.612570103518216,48.98294960337237,-1.9004919223137549,-2.0592688334247624
2015-06-28,-14.494782963218142,49.29206574937853,-5.454138188386656,1.3756853435100769
2015-06-29,17.953163617851853,48.699744974533715,-4.63949321353402,3.3420535942566154
2015-06-30,0.01678850871253612,48.03674492187047,4.345412108006126,-2.1556897101327737
2015-07-01,-0.013997111290286135,50.94752068848155,1.5819772536357701,3.259176992191483
2015-07-02,13.68968290263845,54.493187470314936,4.584397179095886,-2.5865653962640485
2015-07-03,12.530386670977936,50.36017389095253,-0.7933584353570795,2.0230655850791632
2015-07-04,15.704312385217062,51.01931977670534,-0.9937958659248691,-5.636468425545923
2015-07-05,18.330400429664078,47.492277864074374,-2.977097040259808,2.177304728239419
2015-07-06,22.799671636679683,51.270864022043085,-2.090596963270484,-0.41239147272070165
2015-07-07,4.164943220439574,49.50384395096731,3.8821346743768053,3.652926117360603
2015-07-08,-0.4340600707435316,52.214233287484255,3.413529882988355,2.716499868827633
2015-07-09,17.07728349716982,49.85191012334841,4.108188347625887,-0.38671570724225646
2015-07-10,13.821936376245063,46.260512977755866,1.0901436982702604,-1.1023051086628617
2015-07-11,23.029001711294196,53.54191371899119,-1.580667509397516,1.2387534987748925
2015-07-12,-5.036690145804814,53.870262856179515,4.051828982588248,1.7004142022513085
2015-07-13,-3.2977292822464097,50.56363141860517,3.0926719550660478,0.7797386096925327
2015-07-14,13.91787527950235,55.30484113831782,-3.8546053376866025,2.480296804132447
2015-07-15,-2.9384283244108484,54.90295269332914,-5.869484610732198,1.8413324855980253
2015-07-16,-4.464842872711369,52.28193588911435,0.3553822878014967,-2.39414810400472
2015-07-17,-0.8495623130754915,55.8433983531417,0.6704363793056276,1.0683172429735046
2015-07-18,-2.5113313506482804,49.96938210622852,-3.6969487454891503,2.3922302192809077
2015-07-19,-0.34769256482046984,51.61336651904001,-6.023843626501408,4.35174334331299
2015-07-20,8.995254040388836,55.69832792200442,0.767169277791422,0.9730453235826669
2015-07-21,5.242363476561519,50.69218373478053,6.125833260104814,-2.1207806612930593
2015-07-22,15.816559974114062,47.01354962171291,-2.4828207658113772,0.016708719619766832
2015-07-23,6.339966667371574,49.503422550815024,-0.0068089463360531816,3.9780756715781442
2015-07-24,7.424555873798968,50.152669661256695,-1.346099156533935,-4.988359032825361
2015-07-25,-13.622512055275799,46.54182341789996,3.36908242024606,1.8124596020755765
2015-07-26,8.73705907050924,47.62338071554585,3.7967721604838296,0.08917547965428163
2015-07-27,0.6313058328374641,49.350802380047064,-0.474563063397378,0.22275220895617498
2015-07-28,-0.8121753681085631,47.60527459040001,2.278662562441014,-1.9434695636081916
2015-07-29,5.004084499096269,52.692993945107744,-1.9453511683153955,-1.1768128955922377
2015-07-30,33.70882745733257,53.80373654451075,-6.116691104785188,4.417204553105083
2015-07-31,9.165443424632688,46.394258823089906,1.7965040590347554,2.652785576835465
2015-08-01,14.547804198398458,48.16957533535758,1.3312946508193084,0.321180060940479
2015-08-02,-5.466906379999925,48.31243962486897,-0.8298051330550567,2.9533885695160973
2015-08-03,18.052959431825588,52.27057933985572,-0.9393675688625824,1.203802149071576
2015-08-04,-1.2653516090655508,54.39814411875745,1.7247038718079188,-6.036353856842796
2015-08-05,14.28203769224583,49.05473448377932,-3.510969283759611,1.7503294123459694
2015-08-06,3.735196346195892,51.696989998616736,1.0253082113309224,1.7642553316816785
2015-08-07,-1.1203046668182584,49.70171437852418,0.2894089923845665,-1.1594846621040644
2015-08-08,6.493562262599095,43.947432944311394,1.1516040266302108,5.120581702286093
2015-08-09,9.766070903720726,47.43756152778169,6.624822928718538,3.785293925448757
2015-08-10,2.994820486461892,48.04475901935253,-1.957850884752864,2.5513906817970557
2015-08-11,8.49170356534339,48.2479584453532,0.35422286241529227,-7.163833796033181
2015-08-12,3.8801437012198257,51.648708827106596,-0.6089417932729848,1.0658993049200154
2015-08-13,5.476253539432357,52.21598782595372,5.558674478296139,-0.39417013717554883
2015-08-14,2.453954637663917,48.65468960537492,-1.0285750887183733,1.1291974247341228
2015-08-15,8.419983330274931,47.089355885940485,-1.6807804564251723,-1.0501075001523938
2015-08-16,17.28948145106635,45.0820186582915,-3.321469439634751,-1.4719620791552401
2015-08-17,-5.27677671253074,50.403176896726215,-0.4861866306914124,-2.068557116875387
2015-08-18,-8.480800008592858,48.003605209003624,-0.2563540964617943,1.2555843255163466
2015-08-19,-6.204632719028973,53.36017043563107,1.486294412632493,-2.175756136008496
2015-08-20,-0.9878698083655131,43.37944167806751,-0.7821632352876922,2.879027635724708
2015-08-21,8.099593451780505,47.25617635121267,1.1516927271340316,0.8736227026139096
2015-08-22,2.9533265475764745,54.60693438443428,1.0748271518063959,-0.7630078481304092
2015-08-23,-1.6712671218507866,52.07111968853282,-0.7598758717048018,-1.8969382938312962
2015-08-24,12.49312118131567,50.995728101890585,3.751404695026527,2.551256004312055
2015-08-25,0.931095166979377,45.715003261965585,-1.4671496977604463,4.353384781304115
2015-08-26,6.918577898432507,54.70255401372532,-7.045323550578635,0.9262362527580427
2015-08-27,31.25574358036016,49.498442555594444,5.929890037374468,2.1009339336362856
2015-08-28,19.265069942890428,54.30243749635169,-1.264444299966954,0.6027956249343479
2015-08-29,9.53449116672919,50.16991219480766,4.318470642387312,5.654156658722288
2015-08-30,11.847481865556905,52.23187570710847,4.633304189078466,2.6960901761589615
2015-08-31,7.388373533285394,49.01480703704709,-1.8761321973277625,4.045744995783831
2015-09-01,8.080643473006196,49.563280670958406,0.10142183951897074,-1.3106811671788061
2015-09-02,3.532031634058712,48.949025607260445,0.844717692103369,4.426671985290769
2015-09-03,11.86353329948704,51.59569577114114,-2.974960677752131,-2.4677244680474186
2015-09-04,-3.741403344065466,51.57609380711187,2.3908732670422337,3.121633304833968
2015-09-05,4.928581419952082,50.06708626419739,-4.475009829774938,3.691756652654879
2015-09-06,-3.2807203929101654,50.43086317037092,0.8244468242857329,2.5152311061473913
2015-09-07,18.4731239885937,56.25235052516213,-0.9016522555455619,2.277489811239493
2015-09-08,10.38938971109529,50.23316385131692,-4.992152977434033,2.21493346315094
2015-09-09,4.488411815550989,53.418930199673184,-4.802970904001247,2.66967210463316
2015-09-10,18.05461252644829,51.23685407596689,-3.6603195820308714,-4.039414407413705
2015-09-11,-9.725251552677319,50.62980036669689,-7.578580182247874,2.445466226457766
2015-09-12,3.5229903528528146,50.69478207825365,-0.1408595179012477,0.9229322934299946
2015-09-13,7.965344281442823,45.807454448755045,-6.868968077545575,0.6465412445324907
2015-09-14,-2.164802370487905,53.9943203983547,2.608931217404599,0.7444387401843784
2015-09-15,-5.250298415918895,45.79687369351908,-1.3064461824300972,-4.257671960632618
2015-09-16,2.62617216031543,53.14933005899437,2.560846018253489,4.799554554844708
2015-09-17,14.138638569980541,51.36593784637779,-3.1574647750652822,5.216711034721596
2015-09-18,17.938183441991193,49.46012905039629,3.4920971358935224,-3.1915091259716286
2015-09-19,13.82505761688238,53.81426323448751,-2.1974470277276623,1.8972246550542677
2015-09-20,12.878951926387877,51.473632738508584,2.2946317269667063,1.6264838139543945
2015-09-21,-1.2156241927724647,49.55837080838024,5.453608762501082,-3.1928209786414943
2015-09-22,6.27458462423248,51.841662851602194,-3.7478755865849993,1.3124272235200478
2015-09-23,10.450265101958081,55.91218364854296,-1.7488002246486176,3.1505645153098087
2015-09-24,-10.137383582717682,47.113558268985734,0.17415861235857333,-0.4740717763958662
2015-09-25,33.48233197204606,55.221127691845865,-4.792664985903218,-3.9094507656033635
2015-09-26,9.881434083243285,47.82965372407903,1.476786224549806,-1.6387612100272424
2015-09-27,12.519434932831324,57.13186522355823,-4.091784111154053,0.562609628007787
